Analysis & Synthesis report for decoder
Thu Aug 27 15:33:24 2026
Quartus Prime Version 23.1std.1 Build 993 05/14/2024 SC Lite Edition


---------------------
; Table of Contents ;
---------------------
  1. Legal Notice
  2. Analysis & Synthesis Summary
  3. Analysis & Synthesis Settings
  4. Parallel Compilation
  5. Analysis & Synthesis Source Files Read
  6. Analysis & Synthesis Resource Usage Summary
  7. Analysis & Synthesis Resource Utilization by Entity
  8. Analysis & Synthesis RAM Summary
  9. Registers Removed During Synthesis
 10. General Register Statistics
 11. Inverted Register Statistics
 12. Registers Packed Into Inferred Megafunctions
 13. Multiplexer Restructuring Statistics (Restructuring Performed)
 14. Source assignments for mem_disp:disp_mem_0|altsyncram:mem_rtl_0|altsyncram_7pe1:auto_generated
 15. Source assignments for mem_disp:disp_mem_1|altsyncram:mem_rtl_0|altsyncram_7pe1:auto_generated
 16. Source assignments for mem:trelis_mem_C|altsyncram:mem_rtl_0|altsyncram_epe1:auto_generated
 17. Source assignments for mem:trelis_mem_A|altsyncram:mem_rtl_0|altsyncram_epe1:auto_generated
 18. Source assignments for mem:trelis_mem_D|altsyncram:mem_rtl_0|altsyncram_epe1:auto_generated
 19. Source assignments for mem:trelis_mem_B|altsyncram:mem_rtl_0|altsyncram_epe1:auto_generated
 20. Parameter Settings for Inferred Entity Instance: mem_disp:disp_mem_0|altsyncram:mem_rtl_0
 21. Parameter Settings for Inferred Entity Instance: mem_disp:disp_mem_1|altsyncram:mem_rtl_0
 22. Parameter Settings for Inferred Entity Instance: mem:trelis_mem_C|altsyncram:mem_rtl_0
 23. Parameter Settings for Inferred Entity Instance: mem:trelis_mem_A|altsyncram:mem_rtl_0
 24. Parameter Settings for Inferred Entity Instance: mem:trelis_mem_D|altsyncram:mem_rtl_0
 25. Parameter Settings for Inferred Entity Instance: mem:trelis_mem_B|altsyncram:mem_rtl_0
 26. altsyncram Parameter Settings by Entity Instance
 27. Post-Synthesis Netlist Statistics for Top Partition
 28. Elapsed Time Per Partition
 29. Analysis & Synthesis Messages



----------------
; Legal Notice ;
----------------
Copyright (C) 2024  Intel Corporation. All rights reserved.
Your use of Intel Corporation's design tools, logic functions 
and other software and tools, and any partner logic 
functions, and any output files from any of the foregoing 
(including device programming or simulation files), and any 
associated documentation or information are expressly subject 
to the terms and conditions of the Intel Program License 
Subscription Agreement, the Intel Quartus Prime License Agreement,
the Intel FPGA IP License Agreement, or other applicable license
agreement, including, without limitation, that your use is for
the sole purpose of programming logic devices manufactured by
Intel and sold by Intel or its authorized distributors.  Please
refer to the applicable agreement for further details, at
https://fpgasoftware.intel.com/eula.



+------------------------------------------------------------------------------------+
; Analysis & Synthesis Summary                                                       ;
+-----------------------------------+------------------------------------------------+
; Analysis & Synthesis Status       ; Successful - Thu Aug 27 15:33:24 2026          ;
; Quartus Prime Version             ; 23.1std.1 Build 993 05/14/2024 SC Lite Edition ;
; Revision Name                     ; decoder                                        ;
; Top-level Entity Name             ; decoder                                        ;
; Family                            ; Arria II GX                                    ;
; Logic utilization                 ; N/A                                            ;
;     Combinational ALUTs           ; 358                                            ;
;     Memory ALUTs                  ; 0                                              ;
;     Dedicated logic registers     ; 239                                            ;
; Total registers                   ; 239                                            ;
; Total pins                        ; 6                                              ;
; Total virtual pins                ; 0                                              ;
; Total block memory bits           ; 34,816                                         ;
; DSP block 18-bit elements         ; 0                                              ;
; Total GXB Receiver Channel PCS    ; 0                                              ;
; Total GXB Receiver Channel PMA    ; 0                                              ;
; Total GXB Transmitter Channel PCS ; 0                                              ;
; Total GXB Transmitter Channel PMA ; 0                                              ;
; Total PLLs                        ; 0                                              ;
; Total DLLs                        ; 0                                              ;
+-----------------------------------+------------------------------------------------+


+---------------------------------------------------------------------------------------------------------------------------+
; Analysis & Synthesis Settings                                                                                             ;
+---------------------------------------------------------------------------------+--------------------+--------------------+
; Option                                                                          ; Setting            ; Default Value      ;
+---------------------------------------------------------------------------------+--------------------+--------------------+
; Top-level entity name                                                           ; decoder            ; decoder            ;
; Family name                                                                     ; Arria II GX        ; Cyclone V          ;
; Use smart compilation                                                           ; Off                ; Off                ;
; Enable parallel Assembler and Timing Analyzer during compilation                ; On                 ; On                 ;
; Enable compact report table                                                     ; Off                ; Off                ;
; Restructure Multiplexers                                                        ; Auto               ; Auto               ;
; MLAB Add Timing Constraints For Mixed-Port Feed-Through Mode Setting Don't Care ; Off                ; Off                ;
; Create Debugging Nodes for IP Cores                                             ; Off                ; Off                ;
; Preserve fewer node names                                                       ; On                 ; On                 ;
; Intel FPGA IP Evaluation Mode                                                   ; Enable             ; Enable             ;
; Verilog Version                                                                 ; Verilog_2001       ; Verilog_2001       ;
; VHDL Version                                                                    ; VHDL_1993          ; VHDL_1993          ;
; State Machine Processing                                                        ; Auto               ; Auto               ;
; Safe State Machine                                                              ; Off                ; Off                ;
; Extract Verilog State Machines                                                  ; On                 ; On                 ;
; Extract VHDL State Machines                                                     ; On                 ; On                 ;
; Ignore Verilog initial constructs                                               ; Off                ; Off                ;
; Iteration limit for constant Verilog loops                                      ; 5000               ; 5000               ;
; Iteration limit for non-constant Verilog loops                                  ; 250                ; 250                ;
; Add Pass-Through Logic to Inferred RAMs                                         ; On                 ; On                 ;
; Infer RAMs from Raw Logic                                                       ; On                 ; On                 ;
; Parallel Synthesis                                                              ; On                 ; On                 ;
; DSP Block Balancing                                                             ; Auto               ; Auto               ;
; NOT Gate Push-Back                                                              ; On                 ; On                 ;
; Power-Up Don't Care                                                             ; On                 ; On                 ;
; Remove Redundant Logic Cells                                                    ; Off                ; Off                ;
; Remove Duplicate Registers                                                      ; On                 ; On                 ;
; Ignore CARRY Buffers                                                            ; Off                ; Off                ;
; Ignore CASCADE Buffers                                                          ; Off                ; Off                ;
; Ignore GLOBAL Buffers                                                           ; Off                ; Off                ;
; Ignore ROW GLOBAL Buffers                                                       ; Off                ; Off                ;
; Ignore LCELL Buffers                                                            ; Off                ; Off                ;
; Ignore SOFT Buffers                                                             ; On                 ; On                 ;
; Limit AHDL Integers to 32 Bits                                                  ; Off                ; Off                ;
; Optimization Technique                                                          ; Balanced           ; Balanced           ;
; Carry Chain Length                                                              ; 70                 ; 70                 ;
; Auto Carry Chains                                                               ; On                 ; On                 ;
; Auto Open-Drain Pins                                                            ; On                 ; On                 ;
; Perform WYSIWYG Primitive Resynthesis                                           ; Off                ; Off                ;
; Auto ROM Replacement                                                            ; On                 ; On                 ;
; Auto RAM Replacement                                                            ; On                 ; On                 ;
; Auto DSP Block Replacement                                                      ; On                 ; On                 ;
; Auto Shift Register Replacement                                                 ; Auto               ; Auto               ;
; Allow Shift Register Merging across Hierarchies                                 ; Auto               ; Auto               ;
; Auto Clock Enable Replacement                                                   ; On                 ; On                 ;
; Strict RAM Replacement                                                          ; Off                ; Off                ;
; Allow Synchronous Control Signals                                               ; On                 ; On                 ;
; Force Use of Synchronous Clear Signals                                          ; Off                ; Off                ;
; Auto RAM Block Balancing                                                        ; On                 ; On                 ;
; Auto RAM to Logic Cell Conversion                                               ; Off                ; Off                ;
; Auto Resource Sharing                                                           ; Off                ; Off                ;
; Allow Any RAM Size For Recognition                                              ; Off                ; Off                ;
; Allow Any ROM Size For Recognition                                              ; Off                ; Off                ;
; Allow Any Shift Register Size For Recognition                                   ; Off                ; Off                ;
; Use LogicLock Constraints during Resource Balancing                             ; On                 ; On                 ;
; Ignore translate_off and synthesis_off directives                               ; Off                ; Off                ;
; Timing-Driven Synthesis                                                         ; On                 ; On                 ;
; Report Parameter Settings                                                       ; On                 ; On                 ;
; Report Source Assignments                                                       ; On                 ; On                 ;
; Report Connectivity Checks                                                      ; On                 ; On                 ;
; Ignore Maximum Fan-Out Assignments                                              ; Off                ; Off                ;
; Synchronization Register Chain Length                                           ; 3                  ; 3                  ;
; Power Optimization During Synthesis                                             ; Normal compilation ; Normal compilation ;
; HDL message level                                                               ; Level2             ; Level2             ;
; Suppress Register Optimization Related Messages                                 ; Off                ; Off                ;
; Number of Removed Registers Reported in Synthesis Report                        ; 5000               ; 5000               ;
; Number of Swept Nodes Reported in Synthesis Report                              ; 5000               ; 5000               ;
; Number of Inverted Registers Reported in Synthesis Report                       ; 100                ; 100                ;
; Clock MUX Protection                                                            ; On                 ; On                 ;
; Auto Gated Clock Conversion                                                     ; Off                ; Off                ;
; Block Design Naming                                                             ; Auto               ; Auto               ;
; SDC constraint protection                                                       ; Off                ; Off                ;
; Synthesis Effort                                                                ; Auto               ; Auto               ;
; Shift Register Replacement - Allow Asynchronous Clear Signal                    ; On                 ; On                 ;
; Pre-Mapping Resynthesis Optimization                                            ; Off                ; Off                ;
; Analysis & Synthesis Message Level                                              ; Medium             ; Medium             ;
; Disable Register Merging Across Hierarchies                                     ; Auto               ; Auto               ;
; Resource Aware Inference For Block RAM                                          ; On                 ; On                 ;
+---------------------------------------------------------------------------------+--------------------+--------------------+


+------------------------------------------+
; Parallel Compilation                     ;
+----------------------------+-------------+
; Processors                 ; Number      ;
+----------------------------+-------------+
; Number detected on machine ; 16          ;
; Maximum allowed            ; 16          ;
;                            ;             ;
; Average used               ; 1.00        ;
; Maximum used               ; 16          ;
;                            ;             ;
; Usage by Processor         ; % Time Used ;
;     Processor 1            ; 100.0%      ;
;     Processors 2-16        ;   0.0%      ;
+----------------------------+-------------+


+-------------------------------------------------------------------------------------------------------------------------------------------------------------------------------------------------------+
; Analysis & Synthesis Source Files Read                                                                                                                                                                ;
+----------------------------------------------+-----------------+------------------------------+---------------------------------------------------------------------------------------------+---------+
; File Name with User-Entered Path             ; Used in Netlist ; File Type                    ; File Name with Absolute Path                                                                ; Library ;
+----------------------------------------------+-----------------+------------------------------+---------------------------------------------------------------------------------------------+---------+
; assignment itself/starter code/tbu.sv        ; yes             ; User SystemVerilog HDL File  ; C:/Users/Jaden/Documents/ECE 111/Final Project/assignment itself/starter code/tbu.sv        ;         ;
; assignment itself/starter code/mem_8x1024.sv ; yes             ; User SystemVerilog HDL File  ; C:/Users/Jaden/Documents/ECE 111/Final Project/assignment itself/starter code/mem_8x1024.sv ;         ;
; assignment itself/starter code/mem_1x1024.sv ; yes             ; User SystemVerilog HDL File  ; C:/Users/Jaden/Documents/ECE 111/Final Project/assignment itself/starter code/mem_1x1024.sv ;         ;
; assignment itself/starter code/decoder.sv    ; yes             ; User SystemVerilog HDL File  ; C:/Users/Jaden/Documents/ECE 111/Final Project/assignment itself/starter code/decoder.sv    ;         ;
; assignment itself/starter code/bmc7.sv       ; yes             ; User SystemVerilog HDL File  ; C:/Users/Jaden/Documents/ECE 111/Final Project/assignment itself/starter code/bmc7.sv       ;         ;
; assignment itself/starter code/bmc6.sv       ; yes             ; User SystemVerilog HDL File  ; C:/Users/Jaden/Documents/ECE 111/Final Project/assignment itself/starter code/bmc6.sv       ;         ;
; assignment itself/starter code/bmc5.sv       ; yes             ; User SystemVerilog HDL File  ; C:/Users/Jaden/Documents/ECE 111/Final Project/assignment itself/starter code/bmc5.sv       ;         ;
; assignment itself/starter code/bmc4.sv       ; yes             ; User SystemVerilog HDL File  ; C:/Users/Jaden/Documents/ECE 111/Final Project/assignment itself/starter code/bmc4.sv       ;         ;
; assignment itself/starter code/bmc3.sv       ; yes             ; User SystemVerilog HDL File  ; C:/Users/Jaden/Documents/ECE 111/Final Project/assignment itself/starter code/bmc3.sv       ;         ;
; assignment itself/starter code/bmc2.sv       ; yes             ; User SystemVerilog HDL File  ; C:/Users/Jaden/Documents/ECE 111/Final Project/assignment itself/starter code/bmc2.sv       ;         ;
; assignment itself/starter code/bmc1.sv       ; yes             ; User SystemVerilog HDL File  ; C:/Users/Jaden/Documents/ECE 111/Final Project/assignment itself/starter code/bmc1.sv       ;         ;
; assignment itself/starter code/bmc0.sv       ; yes             ; User SystemVerilog HDL File  ; C:/Users/Jaden/Documents/ECE 111/Final Project/assignment itself/starter code/bmc0.sv       ;         ;
; assignment itself/starter code/ACS.sv        ; yes             ; User SystemVerilog HDL File  ; C:/Users/Jaden/Documents/ECE 111/Final Project/assignment itself/starter code/ACS.sv        ;         ;
; altsyncram.tdf                               ; yes             ; Megafunction                 ; c:/intelfpga_lite/23.1std/quartus/libraries/megafunctions/altsyncram.tdf                    ;         ;
; stratix_ram_block.inc                        ; yes             ; Megafunction                 ; c:/intelfpga_lite/23.1std/quartus/libraries/megafunctions/stratix_ram_block.inc             ;         ;
; lpm_mux.inc                                  ; yes             ; Megafunction                 ; c:/intelfpga_lite/23.1std/quartus/libraries/megafunctions/lpm_mux.inc                       ;         ;
; lpm_decode.inc                               ; yes             ; Megafunction                 ; c:/intelfpga_lite/23.1std/quartus/libraries/megafunctions/lpm_decode.inc                    ;         ;
; aglobal231.inc                               ; yes             ; Megafunction                 ; c:/intelfpga_lite/23.1std/quartus/libraries/megafunctions/aglobal231.inc                    ;         ;
; a_rdenreg.inc                                ; yes             ; Megafunction                 ; c:/intelfpga_lite/23.1std/quartus/libraries/megafunctions/a_rdenreg.inc                     ;         ;
; altrom.inc                                   ; yes             ; Megafunction                 ; c:/intelfpga_lite/23.1std/quartus/libraries/megafunctions/altrom.inc                        ;         ;
; altram.inc                                   ; yes             ; Megafunction                 ; c:/intelfpga_lite/23.1std/quartus/libraries/megafunctions/altram.inc                        ;         ;
; altdpram.inc                                 ; yes             ; Megafunction                 ; c:/intelfpga_lite/23.1std/quartus/libraries/megafunctions/altdpram.inc                      ;         ;
; db/altsyncram_7pe1.tdf                       ; yes             ; Auto-Generated Megafunction  ; C:/Users/Jaden/Documents/ECE 111/Final Project/db/altsyncram_7pe1.tdf                       ;         ;
; db/altsyncram_epe1.tdf                       ; yes             ; Auto-Generated Megafunction  ; C:/Users/Jaden/Documents/ECE 111/Final Project/db/altsyncram_epe1.tdf                       ;         ;
+----------------------------------------------+-----------------+------------------------------+---------------------------------------------------------------------------------------------+---------+


+-----------------------------------------------------------+
; Analysis & Synthesis Resource Usage Summary               ;
+-----------------------------------------------+-----------+
; Resource                                      ; Usage     ;
+-----------------------------------------------+-----------+
; Estimated ALUTs Used                          ; 358       ;
;     -- Combinational ALUTs                    ; 358       ;
;     -- Memory ALUTs                           ; 0         ;
;     -- LUT_REGs                               ; 0         ;
; Dedicated logic registers                     ; 239       ;
;                                               ;           ;
; Estimated ALUTs Unavailable                   ; 54        ;
;     -- Due to unpartnered combinational logic ; 54        ;
;     -- Due to Memory ALUTs                    ; 0         ;
;                                               ;           ;
; Total combinational functions                 ; 358       ;
; Combinational ALUT usage by number of inputs  ;           ;
;     -- 7 input functions                      ; 8         ;
;     -- 6 input functions                      ; 56        ;
;     -- 5 input functions                      ; 16        ;
;     -- 4 input functions                      ; 23        ;
;     -- <=3 input functions                    ; 255       ;
;                                               ;           ;
; Combinational ALUTs by mode                   ;           ;
;     -- normal mode                            ; 182       ;
;     -- extended LUT mode                      ; 8         ;
;     -- arithmetic mode                        ; 168       ;
;     -- shared arithmetic mode                 ; 0         ;
;                                               ;           ;
; Estimated ALUT/register pairs used            ; 486       ;
;                                               ;           ;
; Total registers                               ; 239       ;
;     -- Dedicated logic registers              ; 239       ;
;     -- I/O registers                          ; 0         ;
;     -- LUT_REGs                               ; 0         ;
;                                               ;           ;
;                                               ;           ;
; I/O pins                                      ; 6         ;
; Total MLAB memory bits                        ; 0         ;
; Total block memory bits                       ; 34816     ;
;                                               ;           ;
; DSP block 18-bit elements                     ; 0         ;
;                                               ;           ;
; Maximum fan-out node                          ; clk~input ;
; Maximum fan-out                               ; 273       ;
; Total fan-out                                 ; 2547      ;
; Average fan-out                               ; 3.96      ;
+-----------------------------------------------+-----------+


+------------------------------------------------------------------------------------------------------------------------------------------------------------------------------------------------------------------------------------------------------------------------------------------------------------------------+
; Analysis & Synthesis Resource Utilization by Entity                                                                                                                                                                                                                                                                    ;
+-------------------------------------------+---------------------+---------------------------+-------------------+--------------+---------+-----------+-----------+-----------+------+--------------+----------------------------------------------------------------------------------+-----------------+--------------+
; Compilation Hierarchy Node                ; Combinational ALUTs ; Dedicated Logic Registers ; Block Memory Bits ; DSP Elements ; DSP 9x9 ; DSP 12x12 ; DSP 18x18 ; DSP 36x36 ; Pins ; Virtual Pins ; Full Hierarchy Name                                                              ; Entity Name     ; Library Name ;
+-------------------------------------------+---------------------+---------------------------+-------------------+--------------+---------+-----------+-----------+-----------+------+--------------+----------------------------------------------------------------------------------+-----------------+--------------+
; |decoder                                  ; 358 (130)           ; 239 (231)                 ; 34816             ; 0            ; 0       ; 0         ; 0         ; 0         ; 6    ; 0            ; |decoder                                                                         ; decoder         ; work         ;
;    |ACS:ACS0|                             ; 26 (26)             ; 0 (0)                     ; 0                 ; 0            ; 0       ; 0         ; 0         ; 0         ; 0    ; 0            ; |decoder|ACS:ACS0                                                                ; ACS             ; work         ;
;    |ACS:ACS1|                             ; 25 (25)             ; 0 (0)                     ; 0                 ; 0            ; 0       ; 0         ; 0         ; 0         ; 0    ; 0            ; |decoder|ACS:ACS1                                                                ; ACS             ; work         ;
;    |ACS:ACS2|                             ; 26 (26)             ; 0 (0)                     ; 0                 ; 0            ; 0       ; 0         ; 0         ; 0         ; 0    ; 0            ; |decoder|ACS:ACS2                                                                ; ACS             ; work         ;
;    |ACS:ACS3|                             ; 25 (25)             ; 0 (0)                     ; 0                 ; 0            ; 0       ; 0         ; 0         ; 0         ; 0    ; 0            ; |decoder|ACS:ACS3                                                                ; ACS             ; work         ;
;    |ACS:ACS4|                             ; 20 (20)             ; 0 (0)                     ; 0                 ; 0            ; 0       ; 0         ; 0         ; 0         ; 0    ; 0            ; |decoder|ACS:ACS4                                                                ; ACS             ; work         ;
;    |ACS:ACS5|                             ; 26 (26)             ; 0 (0)                     ; 0                 ; 0            ; 0       ; 0         ; 0         ; 0         ; 0    ; 0            ; |decoder|ACS:ACS5                                                                ; ACS             ; work         ;
;    |ACS:ACS6|                             ; 25 (25)             ; 0 (0)                     ; 0                 ; 0            ; 0       ; 0         ; 0         ; 0         ; 0    ; 0            ; |decoder|ACS:ACS6                                                                ; ACS             ; work         ;
;    |ACS:ACS7|                             ; 25 (25)             ; 0 (0)                     ; 0                 ; 0            ; 0       ; 0         ; 0         ; 0         ; 0    ; 0            ; |decoder|ACS:ACS7                                                                ; ACS             ; work         ;
;    |mem:trelis_mem_A|                     ; 0 (0)               ; 0 (0)                     ; 8192              ; 0            ; 0       ; 0         ; 0         ; 0         ; 0    ; 0            ; |decoder|mem:trelis_mem_A                                                        ; mem             ; work         ;
;       |altsyncram:mem_rtl_0|              ; 0 (0)               ; 0 (0)                     ; 8192              ; 0            ; 0       ; 0         ; 0         ; 0         ; 0    ; 0            ; |decoder|mem:trelis_mem_A|altsyncram:mem_rtl_0                                   ; altsyncram      ; work         ;
;          |altsyncram_epe1:auto_generated| ; 0 (0)               ; 0 (0)                     ; 8192              ; 0            ; 0       ; 0         ; 0         ; 0         ; 0    ; 0            ; |decoder|mem:trelis_mem_A|altsyncram:mem_rtl_0|altsyncram_epe1:auto_generated    ; altsyncram_epe1 ; work         ;
;    |mem:trelis_mem_B|                     ; 0 (0)               ; 0 (0)                     ; 8192              ; 0            ; 0       ; 0         ; 0         ; 0         ; 0    ; 0            ; |decoder|mem:trelis_mem_B                                                        ; mem             ; work         ;
;       |altsyncram:mem_rtl_0|              ; 0 (0)               ; 0 (0)                     ; 8192              ; 0            ; 0       ; 0         ; 0         ; 0         ; 0    ; 0            ; |decoder|mem:trelis_mem_B|altsyncram:mem_rtl_0                                   ; altsyncram      ; work         ;
;          |altsyncram_epe1:auto_generated| ; 0 (0)               ; 0 (0)                     ; 8192              ; 0            ; 0       ; 0         ; 0         ; 0         ; 0    ; 0            ; |decoder|mem:trelis_mem_B|altsyncram:mem_rtl_0|altsyncram_epe1:auto_generated    ; altsyncram_epe1 ; work         ;
;    |mem:trelis_mem_C|                     ; 0 (0)               ; 0 (0)                     ; 8192              ; 0            ; 0       ; 0         ; 0         ; 0         ; 0    ; 0            ; |decoder|mem:trelis_mem_C                                                        ; mem             ; work         ;
;       |altsyncram:mem_rtl_0|              ; 0 (0)               ; 0 (0)                     ; 8192              ; 0            ; 0       ; 0         ; 0         ; 0         ; 0    ; 0            ; |decoder|mem:trelis_mem_C|altsyncram:mem_rtl_0                                   ; altsyncram      ; work         ;
;          |altsyncram_epe1:auto_generated| ; 0 (0)               ; 0 (0)                     ; 8192              ; 0            ; 0       ; 0         ; 0         ; 0         ; 0    ; 0            ; |decoder|mem:trelis_mem_C|altsyncram:mem_rtl_0|altsyncram_epe1:auto_generated    ; altsyncram_epe1 ; work         ;
;    |mem:trelis_mem_D|                     ; 0 (0)               ; 0 (0)                     ; 8192              ; 0            ; 0       ; 0         ; 0         ; 0         ; 0    ; 0            ; |decoder|mem:trelis_mem_D                                                        ; mem             ; work         ;
;       |altsyncram:mem_rtl_0|              ; 0 (0)               ; 0 (0)                     ; 8192              ; 0            ; 0       ; 0         ; 0         ; 0         ; 0    ; 0            ; |decoder|mem:trelis_mem_D|altsyncram:mem_rtl_0                                   ; altsyncram      ; work         ;
;          |altsyncram_epe1:auto_generated| ; 0 (0)               ; 0 (0)                     ; 8192              ; 0            ; 0       ; 0         ; 0         ; 0         ; 0    ; 0            ; |decoder|mem:trelis_mem_D|altsyncram:mem_rtl_0|altsyncram_epe1:auto_generated    ; altsyncram_epe1 ; work         ;
;    |mem_disp:disp_mem_0|                  ; 0 (0)               ; 0 (0)                     ; 1024              ; 0            ; 0       ; 0         ; 0         ; 0         ; 0    ; 0            ; |decoder|mem_disp:disp_mem_0                                                     ; mem_disp        ; work         ;
;       |altsyncram:mem_rtl_0|              ; 0 (0)               ; 0 (0)                     ; 1024              ; 0            ; 0       ; 0         ; 0         ; 0         ; 0    ; 0            ; |decoder|mem_disp:disp_mem_0|altsyncram:mem_rtl_0                                ; altsyncram      ; work         ;
;          |altsyncram_7pe1:auto_generated| ; 0 (0)               ; 0 (0)                     ; 1024              ; 0            ; 0       ; 0         ; 0         ; 0         ; 0    ; 0            ; |decoder|mem_disp:disp_mem_0|altsyncram:mem_rtl_0|altsyncram_7pe1:auto_generated ; altsyncram_7pe1 ; work         ;
;    |mem_disp:disp_mem_1|                  ; 0 (0)               ; 0 (0)                     ; 1024              ; 0            ; 0       ; 0         ; 0         ; 0         ; 0    ; 0            ; |decoder|mem_disp:disp_mem_1                                                     ; mem_disp        ; work         ;
;       |altsyncram:mem_rtl_0|              ; 0 (0)               ; 0 (0)                     ; 1024              ; 0            ; 0       ; 0         ; 0         ; 0         ; 0    ; 0            ; |decoder|mem_disp:disp_mem_1|altsyncram:mem_rtl_0                                ; altsyncram      ; work         ;
;          |altsyncram_7pe1:auto_generated| ; 0 (0)               ; 0 (0)                     ; 1024              ; 0            ; 0       ; 0         ; 0         ; 0         ; 0    ; 0            ; |decoder|mem_disp:disp_mem_1|altsyncram:mem_rtl_0|altsyncram_7pe1:auto_generated ; altsyncram_7pe1 ; work         ;
;    |tbu:tbu_0|                            ; 15 (15)             ; 4 (4)                     ; 0                 ; 0            ; 0       ; 0         ; 0         ; 0         ; 0    ; 0            ; |decoder|tbu:tbu_0                                                               ; tbu             ; work         ;
;    |tbu:tbu_1|                            ; 15 (15)             ; 4 (4)                     ; 0                 ; 0            ; 0       ; 0         ; 0         ; 0         ; 0    ; 0            ; |decoder|tbu:tbu_1                                                               ; tbu             ; work         ;
+-------------------------------------------+---------------------+---------------------------+-------------------+--------------+---------+-----------+-----------+-----------+------+--------------+----------------------------------------------------------------------------------+-----------------+--------------+
Note: For table entries with two numbers listed, the numbers in parentheses indicate the number of resources of the given type used by the specific entity alone. The numbers listed outside of parentheses indicate the total resources of the given type used by the specific entity and all of its sub-entities in the hierarchy.


+-----------------------------------------------------------------------------------------------------------------------------------------------------------------------------------+
; Analysis & Synthesis RAM Summary                                                                                                                                                  ;
+------------------------------------------------------------------------------------+------+-------------+--------------+--------------+--------------+--------------+------+------+
; Name                                                                               ; Type ; Mode        ; Port A Depth ; Port A Width ; Port B Depth ; Port B Width ; Size ; MIF  ;
+------------------------------------------------------------------------------------+------+-------------+--------------+--------------+--------------+--------------+------+------+
; mem:trelis_mem_A|altsyncram:mem_rtl_0|altsyncram_epe1:auto_generated|ALTSYNCRAM    ; AUTO ; Single Port ; 1024         ; 8            ; --           ; --           ; 8192 ; None ;
; mem:trelis_mem_B|altsyncram:mem_rtl_0|altsyncram_epe1:auto_generated|ALTSYNCRAM    ; AUTO ; Single Port ; 1024         ; 8            ; --           ; --           ; 8192 ; None ;
; mem:trelis_mem_C|altsyncram:mem_rtl_0|altsyncram_epe1:auto_generated|ALTSYNCRAM    ; AUTO ; Single Port ; 1024         ; 8            ; --           ; --           ; 8192 ; None ;
; mem:trelis_mem_D|altsyncram:mem_rtl_0|altsyncram_epe1:auto_generated|ALTSYNCRAM    ; AUTO ; Single Port ; 1024         ; 8            ; --           ; --           ; 8192 ; None ;
; mem_disp:disp_mem_0|altsyncram:mem_rtl_0|altsyncram_7pe1:auto_generated|ALTSYNCRAM ; AUTO ; Single Port ; 1024         ; 1            ; --           ; --           ; 1024 ; None ;
; mem_disp:disp_mem_1|altsyncram:mem_rtl_0|altsyncram_7pe1:auto_generated|ALTSYNCRAM ; AUTO ; Single Port ; 1024         ; 1            ; --           ; --           ; 1024 ; None ;
+------------------------------------------------------------------------------------+------+-------------+--------------+--------------+--------------+--------------+------+------+


+---------------------------------------------------------------------------------+
; Registers Removed During Synthesis                                              ;
+----------------------------------------+----------------------------------------+
; Register name                          ; Reason for Removal                     ;
+----------------------------------------+----------------------------------------+
; d_in_mem_D[7]                          ; Merged with d_in_mem_A[7]              ;
; d_in_mem_C[7]                          ; Merged with d_in_mem_A[7]              ;
; d_in_mem_B[7]                          ; Merged with d_in_mem_A[7]              ;
; d_in_mem_D[6]                          ; Merged with d_in_mem_A[6]              ;
; d_in_mem_C[6]                          ; Merged with d_in_mem_A[6]              ;
; d_in_mem_B[6]                          ; Merged with d_in_mem_A[6]              ;
; d_in_mem_D[5]                          ; Merged with d_in_mem_A[5]              ;
; d_in_mem_C[5]                          ; Merged with d_in_mem_A[5]              ;
; d_in_mem_B[5]                          ; Merged with d_in_mem_A[5]              ;
; d_in_mem_D[4]                          ; Merged with d_in_mem_A[4]              ;
; d_in_mem_C[4]                          ; Merged with d_in_mem_A[4]              ;
; d_in_mem_B[4]                          ; Merged with d_in_mem_A[4]              ;
; d_in_mem_D[3]                          ; Merged with d_in_mem_A[3]              ;
; d_in_mem_C[3]                          ; Merged with d_in_mem_A[3]              ;
; d_in_mem_B[3]                          ; Merged with d_in_mem_A[3]              ;
; d_in_mem_D[2]                          ; Merged with d_in_mem_A[2]              ;
; d_in_mem_C[2]                          ; Merged with d_in_mem_A[2]              ;
; d_in_mem_B[2]                          ; Merged with d_in_mem_A[2]              ;
; d_in_mem_D[1]                          ; Merged with d_in_mem_A[1]              ;
; d_in_mem_C[1]                          ; Merged with d_in_mem_A[1]              ;
; d_in_mem_B[1]                          ; Merged with d_in_mem_A[1]              ;
; d_in_mem_D[0]                          ; Merged with d_in_mem_A[0]              ;
; d_in_mem_C[0]                          ; Merged with d_in_mem_A[0]              ;
; d_in_mem_B[0]                          ; Merged with d_in_mem_A[0]              ;
; selection_tbu_1                        ; Merged with selection_tbu_0            ;
; tbu:tbu_0|selection_buf                ; Merged with tbu:tbu_1|selection_buf    ;
; tbu:tbu_0|wr_en                        ; Merged with tbu:tbu_1|selection_buf    ;
; tbu:tbu_1|wr_en                        ; Merged with tbu:tbu_1|selection_buf    ;
; validity[3,5,7]                        ; Merged with validity[1]                ;
; validity[6]                            ; Merged with validity[2]                ;
; mem_bank_Q3                            ; Merged with selection_tbu_0            ;
; tbu:tbu_1|selection_buf                ; Merged with mem_bank_Q4                ;
; validity[0]                            ; Stuck at VCC due to stuck port data_in ;
; Total Number of Removed Registers = 35 ;                                        ;
+----------------------------------------+----------------------------------------+


+------------------------------------------------------+
; General Register Statistics                          ;
+----------------------------------------------+-------+
; Statistic                                    ; Value ;
+----------------------------------------------+-------+
; Total registers                              ; 239   ;
; Number of registers using Synchronous Clear  ; 89    ;
; Number of registers using Synchronous Load   ; 148   ;
; Number of registers using Asynchronous Clear ; 105   ;
; Number of registers using Asynchronous Load  ; 0     ;
; Number of registers using Clock Enable       ; 10    ;
; Number of registers using Preset             ; 0     ;
+----------------------------------------------+-------+


+---------------------------------------------------+
; Inverted Register Statistics                      ;
+-----------------------------------------+---------+
; Inverted Register                       ; Fan out ;
+-----------------------------------------+---------+
; rd_mem_counter[0]                       ; 3       ;
; rd_mem_counter[1]                       ; 2       ;
; rd_mem_counter[2]                       ; 2       ;
; rd_mem_counter[3]                       ; 2       ;
; rd_mem_counter[4]                       ; 2       ;
; rd_mem_counter[5]                       ; 2       ;
; rd_mem_counter[6]                       ; 2       ;
; rd_mem_counter[7]                       ; 2       ;
; rd_mem_counter[8]                       ; 2       ;
; rd_mem_counter[9]                       ; 2       ;
; Total number of inverted registers = 10 ;         ;
+-----------------------------------------+---------+


+-------------------------------------------------------------------+
; Registers Packed Into Inferred Megafunctions                      ;
+----------------------------+-------------------------------+------+
; Register Name              ; Megafunction                  ; Type ;
+----------------------------+-------------------------------+------+
; mem_disp:disp_mem_0|d_o    ; mem_disp:disp_mem_0|mem_rtl_0 ; RAM  ;
; mem_disp:disp_mem_1|d_o    ; mem_disp:disp_mem_1|mem_rtl_0 ; RAM  ;
; mem:trelis_mem_C|d_o[0..7] ; mem:trelis_mem_C|mem_rtl_0    ; RAM  ;
; mem:trelis_mem_A|d_o[0..7] ; mem:trelis_mem_A|mem_rtl_0    ; RAM  ;
; mem:trelis_mem_D|d_o[0..7] ; mem:trelis_mem_D|mem_rtl_0    ; RAM  ;
; mem:trelis_mem_B|d_o[0..7] ; mem:trelis_mem_B|mem_rtl_0    ; RAM  ;
+----------------------------+-------------------------------+------+


+-----------------------------------------------------------------------------------------------------------------------------------------------+
; Multiplexer Restructuring Statistics (Restructuring Performed)                                                                                ;
+--------------------+-----------+---------------+----------------------+------------------------+------------+---------------------------------+
; Multiplexer Inputs ; Bus Width ; Baseline Area ; Area if Restructured ; Saving if Restructured ; Registered ; Example Multiplexer Output      ;
+--------------------+-----------+---------------+----------------------+------------------------+------------+---------------------------------+
; 3:1                ; 2 bits    ; 4 ALUTs       ; 4 ALUTs              ; 0 ALUTs                ; Yes        ; |decoder|tbu:tbu_0|pstate[1]    ;
; 3:1                ; 2 bits    ; 4 ALUTs       ; 4 ALUTs              ; 0 ALUTs                ; Yes        ; |decoder|tbu:tbu_1|pstate[2]    ;
; 3:1                ; 10 bits   ; 20 ALUTs      ; 0 ALUTs              ; 20 ALUTs               ; Yes        ; |decoder|wr_mem_counter_disp[5] ;
; 3:1                ; 10 bits   ; 20 ALUTs      ; 20 ALUTs             ; 0 ALUTs                ; Yes        ; |decoder|rd_mem_counter_disp[0] ;
; 6:1                ; 2 bits    ; 8 ALUTs       ; 8 ALUTs              ; 0 ALUTs                ; Yes        ; |decoder|selection[4]           ;
; 6:1                ; 4 bits    ; 16 ALUTs      ; 16 ALUTs             ; 0 ALUTs                ; Yes        ; |decoder|selection[1]           ;
; 6:1                ; 2 bits    ; 8 ALUTs       ; 8 ALUTs              ; 0 ALUTs                ; Yes        ; |decoder|selection[2]           ;
; 7:1                ; 7 bits    ; 28 ALUTs      ; 21 ALUTs             ; 7 ALUTs                ; Yes        ; |decoder|path_cost[0][1]        ;
; 7:1                ; 7 bits    ; 28 ALUTs      ; 21 ALUTs             ; 7 ALUTs                ; Yes        ; |decoder|path_cost[1][1]        ;
; 7:1                ; 7 bits    ; 28 ALUTs      ; 21 ALUTs             ; 7 ALUTs                ; Yes        ; |decoder|path_cost[2][6]        ;
; 7:1                ; 7 bits    ; 28 ALUTs      ; 21 ALUTs             ; 7 ALUTs                ; Yes        ; |decoder|path_cost[3][6]        ;
; 7:1                ; 7 bits    ; 28 ALUTs      ; 21 ALUTs             ; 7 ALUTs                ; Yes        ; |decoder|path_cost[4][1]        ;
; 7:1                ; 7 bits    ; 28 ALUTs      ; 21 ALUTs             ; 7 ALUTs                ; Yes        ; |decoder|path_cost[5][3]        ;
; 7:1                ; 7 bits    ; 28 ALUTs      ; 21 ALUTs             ; 7 ALUTs                ; Yes        ; |decoder|path_cost[6][3]        ;
; 7:1                ; 7 bits    ; 28 ALUTs      ; 21 ALUTs             ; 7 ALUTs                ; Yes        ; |decoder|path_cost[7][4]        ;
+--------------------+-----------+---------------+----------------------+------------------------+------------+---------------------------------+


+------------------------------------------------------------------------------------------------+
; Source assignments for mem_disp:disp_mem_0|altsyncram:mem_rtl_0|altsyncram_7pe1:auto_generated ;
+---------------------------------+--------------------+------+----------------------------------+
; Assignment                      ; Value              ; From ; To                               ;
+---------------------------------+--------------------+------+----------------------------------+
; OPTIMIZE_POWER_DURING_SYNTHESIS ; NORMAL_COMPILATION ; -    ; -                                ;
+---------------------------------+--------------------+------+----------------------------------+


+------------------------------------------------------------------------------------------------+
; Source assignments for mem_disp:disp_mem_1|altsyncram:mem_rtl_0|altsyncram_7pe1:auto_generated ;
+---------------------------------+--------------------+------+----------------------------------+
; Assignment                      ; Value              ; From ; To                               ;
+---------------------------------+--------------------+------+----------------------------------+
; OPTIMIZE_POWER_DURING_SYNTHESIS ; NORMAL_COMPILATION ; -    ; -                                ;
+---------------------------------+--------------------+------+----------------------------------+


+---------------------------------------------------------------------------------------------+
; Source assignments for mem:trelis_mem_C|altsyncram:mem_rtl_0|altsyncram_epe1:auto_generated ;
+---------------------------------+--------------------+------+-------------------------------+
; Assignment                      ; Value              ; From ; To                            ;
+---------------------------------+--------------------+------+-------------------------------+
; OPTIMIZE_POWER_DURING_SYNTHESIS ; NORMAL_COMPILATION ; -    ; -                             ;
+---------------------------------+--------------------+------+-------------------------------+


+---------------------------------------------------------------------------------------------+
; Source assignments for mem:trelis_mem_A|altsyncram:mem_rtl_0|altsyncram_epe1:auto_generated ;
+---------------------------------+--------------------+------+-------------------------------+
; Assignment                      ; Value              ; From ; To                            ;
+---------------------------------+--------------------+------+-------------------------------+
; OPTIMIZE_POWER_DURING_SYNTHESIS ; NORMAL_COMPILATION ; -    ; -                             ;
+---------------------------------+--------------------+------+-------------------------------+


+---------------------------------------------------------------------------------------------+
; Source assignments for mem:trelis_mem_D|altsyncram:mem_rtl_0|altsyncram_epe1:auto_generated ;
+---------------------------------+--------------------+------+-------------------------------+
; Assignment                      ; Value              ; From ; To                            ;
+---------------------------------+--------------------+------+-------------------------------+
; OPTIMIZE_POWER_DURING_SYNTHESIS ; NORMAL_COMPILATION ; -    ; -                             ;
+---------------------------------+--------------------+------+-------------------------------+


+---------------------------------------------------------------------------------------------+
; Source assignments for mem:trelis_mem_B|altsyncram:mem_rtl_0|altsyncram_epe1:auto_generated ;
+---------------------------------+--------------------+------+-------------------------------+
; Assignment                      ; Value              ; From ; To                            ;
+---------------------------------+--------------------+------+-------------------------------+
; OPTIMIZE_POWER_DURING_SYNTHESIS ; NORMAL_COMPILATION ; -    ; -                             ;
+---------------------------------+--------------------+------+-------------------------------+


+-------------------------------------------------------------------------------------------+
; Parameter Settings for Inferred Entity Instance: mem_disp:disp_mem_0|altsyncram:mem_rtl_0 ;
+------------------------------------+----------------------+-------------------------------+
; Parameter Name                     ; Value                ; Type                          ;
+------------------------------------+----------------------+-------------------------------+
; BYTE_SIZE_BLOCK                    ; 8                    ; Untyped                       ;
; AUTO_CARRY_CHAINS                  ; ON                   ; AUTO_CARRY                    ;
; IGNORE_CARRY_BUFFERS               ; OFF                  ; IGNORE_CARRY                  ;
; AUTO_CASCADE_CHAINS                ; ON                   ; AUTO_CASCADE                  ;
; IGNORE_CASCADE_BUFFERS             ; OFF                  ; IGNORE_CASCADE                ;
; WIDTH_BYTEENA                      ; 1                    ; Untyped                       ;
; OPERATION_MODE                     ; SINGLE_PORT          ; Untyped                       ;
; WIDTH_A                            ; 1                    ; Untyped                       ;
; WIDTHAD_A                          ; 10                   ; Untyped                       ;
; NUMWORDS_A                         ; 1024                 ; Untyped                       ;
; OUTDATA_REG_A                      ; UNREGISTERED         ; Untyped                       ;
; ADDRESS_ACLR_A                     ; NONE                 ; Untyped                       ;
; OUTDATA_ACLR_A                     ; NONE                 ; Untyped                       ;
; WRCONTROL_ACLR_A                   ; NONE                 ; Untyped                       ;
; INDATA_ACLR_A                      ; NONE                 ; Untyped                       ;
; BYTEENA_ACLR_A                     ; NONE                 ; Untyped                       ;
; WIDTH_B                            ; 1                    ; Untyped                       ;
; WIDTHAD_B                          ; 1                    ; Untyped                       ;
; NUMWORDS_B                         ; 1                    ; Untyped                       ;
; INDATA_REG_B                       ; CLOCK1               ; Untyped                       ;
; WRCONTROL_WRADDRESS_REG_B          ; CLOCK1               ; Untyped                       ;
; RDCONTROL_REG_B                    ; CLOCK1               ; Untyped                       ;
; ADDRESS_REG_B                      ; CLOCK1               ; Untyped                       ;
; OUTDATA_REG_B                      ; UNREGISTERED         ; Untyped                       ;
; BYTEENA_REG_B                      ; CLOCK1               ; Untyped                       ;
; INDATA_ACLR_B                      ; NONE                 ; Untyped                       ;
; WRCONTROL_ACLR_B                   ; NONE                 ; Untyped                       ;
; ADDRESS_ACLR_B                     ; NONE                 ; Untyped                       ;
; OUTDATA_ACLR_B                     ; NONE                 ; Untyped                       ;
; RDCONTROL_ACLR_B                   ; NONE                 ; Untyped                       ;
; BYTEENA_ACLR_B                     ; NONE                 ; Untyped                       ;
; WIDTH_BYTEENA_A                    ; 1                    ; Untyped                       ;
; WIDTH_BYTEENA_B                    ; 1                    ; Untyped                       ;
; RAM_BLOCK_TYPE                     ; AUTO                 ; Untyped                       ;
; BYTE_SIZE                          ; 8                    ; Untyped                       ;
; READ_DURING_WRITE_MODE_MIXED_PORTS ; DONT_CARE            ; Untyped                       ;
; READ_DURING_WRITE_MODE_PORT_A      ; OLD_DATA             ; Untyped                       ;
; READ_DURING_WRITE_MODE_PORT_B      ; NEW_DATA_NO_NBE_READ ; Untyped                       ;
; INIT_FILE                          ; UNUSED               ; Untyped                       ;
; INIT_FILE_LAYOUT                   ; PORT_A               ; Untyped                       ;
; MAXIMUM_DEPTH                      ; 0                    ; Untyped                       ;
; CLOCK_ENABLE_INPUT_A               ; NORMAL               ; Untyped                       ;
; CLOCK_ENABLE_INPUT_B               ; NORMAL               ; Untyped                       ;
; CLOCK_ENABLE_OUTPUT_A              ; NORMAL               ; Untyped                       ;
; CLOCK_ENABLE_OUTPUT_B              ; NORMAL               ; Untyped                       ;
; CLOCK_ENABLE_CORE_A                ; USE_INPUT_CLKEN      ; Untyped                       ;
; CLOCK_ENABLE_CORE_B                ; USE_INPUT_CLKEN      ; Untyped                       ;
; ENABLE_ECC                         ; FALSE                ; Untyped                       ;
; ECC_PIPELINE_STAGE_ENABLED         ; FALSE                ; Untyped                       ;
; WIDTH_ECCSTATUS                    ; 3                    ; Untyped                       ;
; DEVICE_FAMILY                      ; Arria II GX          ; Untyped                       ;
; CBXI_PARAMETER                     ; altsyncram_7pe1      ; Untyped                       ;
+------------------------------------+----------------------+-------------------------------+
Note: In order to hide this table in the UI and the text report file, please set the "Show Parameter Settings in Synthesis Report" option in "Analysis and Synthesis Settings -> More Settings" to "Off".


+-------------------------------------------------------------------------------------------+
; Parameter Settings for Inferred Entity Instance: mem_disp:disp_mem_1|altsyncram:mem_rtl_0 ;
+------------------------------------+----------------------+-------------------------------+
; Parameter Name                     ; Value                ; Type                          ;
+------------------------------------+----------------------+-------------------------------+
; BYTE_SIZE_BLOCK                    ; 8                    ; Untyped                       ;
; AUTO_CARRY_CHAINS                  ; ON                   ; AUTO_CARRY                    ;
; IGNORE_CARRY_BUFFERS               ; OFF                  ; IGNORE_CARRY                  ;
; AUTO_CASCADE_CHAINS                ; ON                   ; AUTO_CASCADE                  ;
; IGNORE_CASCADE_BUFFERS             ; OFF                  ; IGNORE_CASCADE                ;
; WIDTH_BYTEENA                      ; 1                    ; Untyped                       ;
; OPERATION_MODE                     ; SINGLE_PORT          ; Untyped                       ;
; WIDTH_A                            ; 1                    ; Untyped                       ;
; WIDTHAD_A                          ; 10                   ; Untyped                       ;
; NUMWORDS_A                         ; 1024                 ; Untyped                       ;
; OUTDATA_REG_A                      ; UNREGISTERED         ; Untyped                       ;
; ADDRESS_ACLR_A                     ; NONE                 ; Untyped                       ;
; OUTDATA_ACLR_A                     ; NONE                 ; Untyped                       ;
; WRCONTROL_ACLR_A                   ; NONE                 ; Untyped                       ;
; INDATA_ACLR_A                      ; NONE                 ; Untyped                       ;
; BYTEENA_ACLR_A                     ; NONE                 ; Untyped                       ;
; WIDTH_B                            ; 1                    ; Untyped                       ;
; WIDTHAD_B                          ; 1                    ; Untyped                       ;
; NUMWORDS_B                         ; 1                    ; Untyped                       ;
; INDATA_REG_B                       ; CLOCK1               ; Untyped                       ;
; WRCONTROL_WRADDRESS_REG_B          ; CLOCK1               ; Untyped                       ;
; RDCONTROL_REG_B                    ; CLOCK1               ; Untyped                       ;
; ADDRESS_REG_B                      ; CLOCK1               ; Untyped                       ;
; OUTDATA_REG_B                      ; UNREGISTERED         ; Untyped                       ;
; BYTEENA_REG_B                      ; CLOCK1               ; Untyped                       ;
; INDATA_ACLR_B                      ; NONE                 ; Untyped                       ;
; WRCONTROL_ACLR_B                   ; NONE                 ; Untyped                       ;
; ADDRESS_ACLR_B                     ; NONE                 ; Untyped                       ;
; OUTDATA_ACLR_B                     ; NONE                 ; Untyped                       ;
; RDCONTROL_ACLR_B                   ; NONE                 ; Untyped                       ;
; BYTEENA_ACLR_B                     ; NONE                 ; Untyped                       ;
; WIDTH_BYTEENA_A                    ; 1                    ; Untyped                       ;
; WIDTH_BYTEENA_B                    ; 1                    ; Untyped                       ;
; RAM_BLOCK_TYPE                     ; AUTO                 ; Untyped                       ;
; BYTE_SIZE                          ; 8                    ; Untyped                       ;
; READ_DURING_WRITE_MODE_MIXED_PORTS ; DONT_CARE            ; Untyped                       ;
; READ_DURING_WRITE_MODE_PORT_A      ; OLD_DATA             ; Untyped                       ;
; READ_DURING_WRITE_MODE_PORT_B      ; NEW_DATA_NO_NBE_READ ; Untyped                       ;
; INIT_FILE                          ; UNUSED               ; Untyped                       ;
; INIT_FILE_LAYOUT                   ; PORT_A               ; Untyped                       ;
; MAXIMUM_DEPTH                      ; 0                    ; Untyped                       ;
; CLOCK_ENABLE_INPUT_A               ; NORMAL               ; Untyped                       ;
; CLOCK_ENABLE_INPUT_B               ; NORMAL               ; Untyped                       ;
; CLOCK_ENABLE_OUTPUT_A              ; NORMAL               ; Untyped                       ;
; CLOCK_ENABLE_OUTPUT_B              ; NORMAL               ; Untyped                       ;
; CLOCK_ENABLE_CORE_A                ; USE_INPUT_CLKEN      ; Untyped                       ;
; CLOCK_ENABLE_CORE_B                ; USE_INPUT_CLKEN      ; Untyped                       ;
; ENABLE_ECC                         ; FALSE                ; Untyped                       ;
; ECC_PIPELINE_STAGE_ENABLED         ; FALSE                ; Untyped                       ;
; WIDTH_ECCSTATUS                    ; 3                    ; Untyped                       ;
; DEVICE_FAMILY                      ; Arria II GX          ; Untyped                       ;
; CBXI_PARAMETER                     ; altsyncram_7pe1      ; Untyped                       ;
+------------------------------------+----------------------+-------------------------------+
Note: In order to hide this table in the UI and the text report file, please set the "Show Parameter Settings in Synthesis Report" option in "Analysis and Synthesis Settings -> More Settings" to "Off".


+----------------------------------------------------------------------------------------+
; Parameter Settings for Inferred Entity Instance: mem:trelis_mem_C|altsyncram:mem_rtl_0 ;
+------------------------------------+----------------------+----------------------------+
; Parameter Name                     ; Value                ; Type                       ;
+------------------------------------+----------------------+----------------------------+
; BYTE_SIZE_BLOCK                    ; 8                    ; Untyped                    ;
; AUTO_CARRY_CHAINS                  ; ON                   ; AUTO_CARRY                 ;
; IGNORE_CARRY_BUFFERS               ; OFF                  ; IGNORE_CARRY               ;
; AUTO_CASCADE_CHAINS                ; ON                   ; AUTO_CASCADE               ;
; IGNORE_CASCADE_BUFFERS             ; OFF                  ; IGNORE_CASCADE             ;
; WIDTH_BYTEENA                      ; 1                    ; Untyped                    ;
; OPERATION_MODE                     ; SINGLE_PORT          ; Untyped                    ;
; WIDTH_A                            ; 8                    ; Untyped                    ;
; WIDTHAD_A                          ; 10                   ; Untyped                    ;
; NUMWORDS_A                         ; 1024                 ; Untyped                    ;
; OUTDATA_REG_A                      ; UNREGISTERED         ; Untyped                    ;
; ADDRESS_ACLR_A                     ; NONE                 ; Untyped                    ;
; OUTDATA_ACLR_A                     ; NONE                 ; Untyped                    ;
; WRCONTROL_ACLR_A                   ; NONE                 ; Untyped                    ;
; INDATA_ACLR_A                      ; NONE                 ; Untyped                    ;
; BYTEENA_ACLR_A                     ; NONE                 ; Untyped                    ;
; WIDTH_B                            ; 1                    ; Untyped                    ;
; WIDTHAD_B                          ; 1                    ; Untyped                    ;
; NUMWORDS_B                         ; 1                    ; Untyped                    ;
; INDATA_REG_B                       ; CLOCK1               ; Untyped                    ;
; WRCONTROL_WRADDRESS_REG_B          ; CLOCK1               ; Untyped                    ;
; RDCONTROL_REG_B                    ; CLOCK1               ; Untyped                    ;
; ADDRESS_REG_B                      ; CLOCK1               ; Untyped                    ;
; OUTDATA_REG_B                      ; UNREGISTERED         ; Untyped                    ;
; BYTEENA_REG_B                      ; CLOCK1               ; Untyped                    ;
; INDATA_ACLR_B                      ; NONE                 ; Untyped                    ;
; WRCONTROL_ACLR_B                   ; NONE                 ; Untyped                    ;
; ADDRESS_ACLR_B                     ; NONE                 ; Untyped                    ;
; OUTDATA_ACLR_B                     ; NONE                 ; Untyped                    ;
; RDCONTROL_ACLR_B                   ; NONE                 ; Untyped                    ;
; BYTEENA_ACLR_B                     ; NONE                 ; Untyped                    ;
; WIDTH_BYTEENA_A                    ; 1                    ; Untyped                    ;
; WIDTH_BYTEENA_B                    ; 1                    ; Untyped                    ;
; RAM_BLOCK_TYPE                     ; AUTO                 ; Untyped                    ;
; BYTE_SIZE                          ; 8                    ; Untyped                    ;
; READ_DURING_WRITE_MODE_MIXED_PORTS ; DONT_CARE            ; Untyped                    ;
; READ_DURING_WRITE_MODE_PORT_A      ; OLD_DATA             ; Untyped                    ;
; READ_DURING_WRITE_MODE_PORT_B      ; NEW_DATA_NO_NBE_READ ; Untyped                    ;
; INIT_FILE                          ; UNUSED               ; Untyped                    ;
; INIT_FILE_LAYOUT                   ; PORT_A               ; Untyped                    ;
; MAXIMUM_DEPTH                      ; 0                    ; Untyped                    ;
; CLOCK_ENABLE_INPUT_A               ; NORMAL               ; Untyped                    ;
; CLOCK_ENABLE_INPUT_B               ; NORMAL               ; Untyped                    ;
; CLOCK_ENABLE_OUTPUT_A              ; NORMAL               ; Untyped                    ;
; CLOCK_ENABLE_OUTPUT_B              ; NORMAL               ; Untyped                    ;
; CLOCK_ENABLE_CORE_A                ; USE_INPUT_CLKEN      ; Untyped                    ;
; CLOCK_ENABLE_CORE_B                ; USE_INPUT_CLKEN      ; Untyped                    ;
; ENABLE_ECC                         ; FALSE                ; Untyped                    ;
; ECC_PIPELINE_STAGE_ENABLED         ; FALSE                ; Untyped                    ;
; WIDTH_ECCSTATUS                    ; 3                    ; Untyped                    ;
; DEVICE_FAMILY                      ; Arria II GX          ; Untyped                    ;
; CBXI_PARAMETER                     ; altsyncram_epe1      ; Untyped                    ;
+------------------------------------+----------------------+----------------------------+
Note: In order to hide this table in the UI and the text report file, please set the "Show Parameter Settings in Synthesis Report" option in "Analysis and Synthesis Settings -> More Settings" to "Off".


+----------------------------------------------------------------------------------------+
; Parameter Settings for Inferred Entity Instance: mem:trelis_mem_A|altsyncram:mem_rtl_0 ;
+------------------------------------+----------------------+----------------------------+
; Parameter Name                     ; Value                ; Type                       ;
+------------------------------------+----------------------+----------------------------+
; BYTE_SIZE_BLOCK                    ; 8                    ; Untyped                    ;
; AUTO_CARRY_CHAINS                  ; ON                   ; AUTO_CARRY                 ;
; IGNORE_CARRY_BUFFERS               ; OFF                  ; IGNORE_CARRY               ;
; AUTO_CASCADE_CHAINS                ; ON                   ; AUTO_CASCADE               ;
; IGNORE_CASCADE_BUFFERS             ; OFF                  ; IGNORE_CASCADE             ;
; WIDTH_BYTEENA                      ; 1                    ; Untyped                    ;
; OPERATION_MODE                     ; SINGLE_PORT          ; Untyped                    ;
; WIDTH_A                            ; 8                    ; Untyped                    ;
; WIDTHAD_A                          ; 10                   ; Untyped                    ;
; NUMWORDS_A                         ; 1024                 ; Untyped                    ;
; OUTDATA_REG_A                      ; UNREGISTERED         ; Untyped                    ;
; ADDRESS_ACLR_A                     ; NONE                 ; Untyped                    ;
; OUTDATA_ACLR_A                     ; NONE                 ; Untyped                    ;
; WRCONTROL_ACLR_A                   ; NONE                 ; Untyped                    ;
; INDATA_ACLR_A                      ; NONE                 ; Untyped                    ;
; BYTEENA_ACLR_A                     ; NONE                 ; Untyped                    ;
; WIDTH_B                            ; 1                    ; Untyped                    ;
; WIDTHAD_B                          ; 1                    ; Untyped                    ;
; NUMWORDS_B                         ; 1                    ; Untyped                    ;
; INDATA_REG_B                       ; CLOCK1               ; Untyped                    ;
; WRCONTROL_WRADDRESS_REG_B          ; CLOCK1               ; Untyped                    ;
; RDCONTROL_REG_B                    ; CLOCK1               ; Untyped                    ;
; ADDRESS_REG_B                      ; CLOCK1               ; Untyped                    ;
; OUTDATA_REG_B                      ; UNREGISTERED         ; Untyped                    ;
; BYTEENA_REG_B                      ; CLOCK1               ; Untyped                    ;
; INDATA_ACLR_B                      ; NONE                 ; Untyped                    ;
; WRCONTROL_ACLR_B                   ; NONE                 ; Untyped                    ;
; ADDRESS_ACLR_B                     ; NONE                 ; Untyped                    ;
; OUTDATA_ACLR_B                     ; NONE                 ; Untyped                    ;
; RDCONTROL_ACLR_B                   ; NONE                 ; Untyped                    ;
; BYTEENA_ACLR_B                     ; NONE                 ; Untyped                    ;
; WIDTH_BYTEENA_A                    ; 1                    ; Untyped                    ;
; WIDTH_BYTEENA_B                    ; 1                    ; Untyped                    ;
; RAM_BLOCK_TYPE                     ; AUTO                 ; Untyped                    ;
; BYTE_SIZE                          ; 8                    ; Untyped                    ;
; READ_DURING_WRITE_MODE_MIXED_PORTS ; DONT_CARE            ; Untyped                    ;
; READ_DURING_WRITE_MODE_PORT_A      ; OLD_DATA             ; Untyped                    ;
; READ_DURING_WRITE_MODE_PORT_B      ; NEW_DATA_NO_NBE_READ ; Untyped                    ;
; INIT_FILE                          ; UNUSED               ; Untyped                    ;
; INIT_FILE_LAYOUT                   ; PORT_A               ; Untyped                    ;
; MAXIMUM_DEPTH                      ; 0                    ; Untyped                    ;
; CLOCK_ENABLE_INPUT_A               ; NORMAL               ; Untyped                    ;
; CLOCK_ENABLE_INPUT_B               ; NORMAL               ; Untyped                    ;
; CLOCK_ENABLE_OUTPUT_A              ; NORMAL               ; Untyped                    ;
; CLOCK_ENABLE_OUTPUT_B              ; NORMAL               ; Untyped                    ;
; CLOCK_ENABLE_CORE_A                ; USE_INPUT_CLKEN      ; Untyped                    ;
; CLOCK_ENABLE_CORE_B                ; USE_INPUT_CLKEN      ; Untyped                    ;
; ENABLE_ECC                         ; FALSE                ; Untyped                    ;
; ECC_PIPELINE_STAGE_ENABLED         ; FALSE                ; Untyped                    ;
; WIDTH_ECCSTATUS                    ; 3                    ; Untyped                    ;
; DEVICE_FAMILY                      ; Arria II GX          ; Untyped                    ;
; CBXI_PARAMETER                     ; altsyncram_epe1      ; Untyped                    ;
+------------------------------------+----------------------+----------------------------+
Note: In order to hide this table in the UI and the text report file, please set the "Show Parameter Settings in Synthesis Report" option in "Analysis and Synthesis Settings -> More Settings" to "Off".


+----------------------------------------------------------------------------------------+
; Parameter Settings for Inferred Entity Instance: mem:trelis_mem_D|altsyncram:mem_rtl_0 ;
+------------------------------------+----------------------+----------------------------+
; Parameter Name                     ; Value                ; Type                       ;
+------------------------------------+----------------------+----------------------------+
; BYTE_SIZE_BLOCK                    ; 8                    ; Untyped                    ;
; AUTO_CARRY_CHAINS                  ; ON                   ; AUTO_CARRY                 ;
; IGNORE_CARRY_BUFFERS               ; OFF                  ; IGNORE_CARRY               ;
; AUTO_CASCADE_CHAINS                ; ON                   ; AUTO_CASCADE               ;
; IGNORE_CASCADE_BUFFERS             ; OFF                  ; IGNORE_CASCADE             ;
; WIDTH_BYTEENA                      ; 1                    ; Untyped                    ;
; OPERATION_MODE                     ; SINGLE_PORT          ; Untyped                    ;
; WIDTH_A                            ; 8                    ; Untyped                    ;
; WIDTHAD_A                          ; 10                   ; Untyped                    ;
; NUMWORDS_A                         ; 1024                 ; Untyped                    ;
; OUTDATA_REG_A                      ; UNREGISTERED         ; Untyped                    ;
; ADDRESS_ACLR_A                     ; NONE                 ; Untyped                    ;
; OUTDATA_ACLR_A                     ; NONE                 ; Untyped                    ;
; WRCONTROL_ACLR_A                   ; NONE                 ; Untyped                    ;
; INDATA_ACLR_A                      ; NONE                 ; Untyped                    ;
; BYTEENA_ACLR_A                     ; NONE                 ; Untyped                    ;
; WIDTH_B                            ; 1                    ; Untyped                    ;
; WIDTHAD_B                          ; 1                    ; Untyped                    ;
; NUMWORDS_B                         ; 1                    ; Untyped                    ;
; INDATA_REG_B                       ; CLOCK1               ; Untyped                    ;
; WRCONTROL_WRADDRESS_REG_B          ; CLOCK1               ; Untyped                    ;
; RDCONTROL_REG_B                    ; CLOCK1               ; Untyped                    ;
; ADDRESS_REG_B                      ; CLOCK1               ; Untyped                    ;
; OUTDATA_REG_B                      ; UNREGISTERED         ; Untyped                    ;
; BYTEENA_REG_B                      ; CLOCK1               ; Untyped                    ;
; INDATA_ACLR_B                      ; NONE                 ; Untyped                    ;
; WRCONTROL_ACLR_B                   ; NONE                 ; Untyped                    ;
; ADDRESS_ACLR_B                     ; NONE                 ; Untyped                    ;
; OUTDATA_ACLR_B                     ; NONE                 ; Untyped                    ;
; RDCONTROL_ACLR_B                   ; NONE                 ; Untyped                    ;
; BYTEENA_ACLR_B                     ; NONE                 ; Untyped                    ;
; WIDTH_BYTEENA_A                    ; 1                    ; Untyped                    ;
; WIDTH_BYTEENA_B                    ; 1                    ; Untyped                    ;
; RAM_BLOCK_TYPE                     ; AUTO                 ; Untyped                    ;
; BYTE_SIZE                          ; 8                    ; Untyped                    ;
; READ_DURING_WRITE_MODE_MIXED_PORTS ; DONT_CARE            ; Untyped                    ;
; READ_DURING_WRITE_MODE_PORT_A      ; OLD_DATA             ; Untyped                    ;
; READ_DURING_WRITE_MODE_PORT_B      ; NEW_DATA_NO_NBE_READ ; Untyped                    ;
; INIT_FILE                          ; UNUSED               ; Untyped                    ;
; INIT_FILE_LAYOUT                   ; PORT_A               ; Untyped                    ;
; MAXIMUM_DEPTH                      ; 0                    ; Untyped                    ;
; CLOCK_ENABLE_INPUT_A               ; NORMAL               ; Untyped                    ;
; CLOCK_ENABLE_INPUT_B               ; NORMAL               ; Untyped                    ;
; CLOCK_ENABLE_OUTPUT_A              ; NORMAL               ; Untyped                    ;
; CLOCK_ENABLE_OUTPUT_B              ; NORMAL               ; Untyped                    ;
; CLOCK_ENABLE_CORE_A                ; USE_INPUT_CLKEN      ; Untyped                    ;
; CLOCK_ENABLE_CORE_B                ; USE_INPUT_CLKEN      ; Untyped                    ;
; ENABLE_ECC                         ; FALSE                ; Untyped                    ;
; ECC_PIPELINE_STAGE_ENABLED         ; FALSE                ; Untyped                    ;
; WIDTH_ECCSTATUS                    ; 3                    ; Untyped                    ;
; DEVICE_FAMILY                      ; Arria II GX          ; Untyped                    ;
; CBXI_PARAMETER                     ; altsyncram_epe1      ; Untyped                    ;
+------------------------------------+----------------------+----------------------------+
Note: In order to hide this table in the UI and the text report file, please set the "Show Parameter Settings in Synthesis Report" option in "Analysis and Synthesis Settings -> More Settings" to "Off".


+----------------------------------------------------------------------------------------+
; Parameter Settings for Inferred Entity Instance: mem:trelis_mem_B|altsyncram:mem_rtl_0 ;
+------------------------------------+----------------------+----------------------------+
; Parameter Name                     ; Value                ; Type                       ;
+------------------------------------+----------------------+----------------------------+
; BYTE_SIZE_BLOCK                    ; 8                    ; Untyped                    ;
; AUTO_CARRY_CHAINS                  ; ON                   ; AUTO_CARRY                 ;
; IGNORE_CARRY_BUFFERS               ; OFF                  ; IGNORE_CARRY               ;
; AUTO_CASCADE_CHAINS                ; ON                   ; AUTO_CASCADE               ;
; IGNORE_CASCADE_BUFFERS             ; OFF                  ; IGNORE_CASCADE             ;
; WIDTH_BYTEENA                      ; 1                    ; Untyped                    ;
; OPERATION_MODE                     ; SINGLE_PORT          ; Untyped                    ;
; WIDTH_A                            ; 8                    ; Untyped                    ;
; WIDTHAD_A                          ; 10                   ; Untyped                    ;
; NUMWORDS_A                         ; 1024                 ; Untyped                    ;
; OUTDATA_REG_A                      ; UNREGISTERED         ; Untyped                    ;
; ADDRESS_ACLR_A                     ; NONE                 ; Untyped                    ;
; OUTDATA_ACLR_A                     ; NONE                 ; Untyped                    ;
; WRCONTROL_ACLR_A                   ; NONE                 ; Untyped                    ;
; INDATA_ACLR_A                      ; NONE                 ; Untyped                    ;
; BYTEENA_ACLR_A                     ; NONE                 ; Untyped                    ;
; WIDTH_B                            ; 1                    ; Untyped                    ;
; WIDTHAD_B                          ; 1                    ; Untyped                    ;
; NUMWORDS_B                         ; 1                    ; Untyped                    ;
; INDATA_REG_B                       ; CLOCK1               ; Untyped                    ;
; WRCONTROL_WRADDRESS_REG_B          ; CLOCK1               ; Untyped                    ;
; RDCONTROL_REG_B                    ; CLOCK1               ; Untyped                    ;
; ADDRESS_REG_B                      ; CLOCK1               ; Untyped                    ;
; OUTDATA_REG_B                      ; UNREGISTERED         ; Untyped                    ;
; BYTEENA_REG_B                      ; CLOCK1               ; Untyped                    ;
; INDATA_ACLR_B                      ; NONE                 ; Untyped                    ;
; WRCONTROL_ACLR_B                   ; NONE                 ; Untyped                    ;
; ADDRESS_ACLR_B                     ; NONE                 ; Untyped                    ;
; OUTDATA_ACLR_B                     ; NONE                 ; Untyped                    ;
; RDCONTROL_ACLR_B                   ; NONE                 ; Untyped                    ;
; BYTEENA_ACLR_B                     ; NONE                 ; Untyped                    ;
; WIDTH_BYTEENA_A                    ; 1                    ; Untyped                    ;
; WIDTH_BYTEENA_B                    ; 1                    ; Untyped                    ;
; RAM_BLOCK_TYPE                     ; AUTO                 ; Untyped                    ;
; BYTE_SIZE                          ; 8                    ; Untyped                    ;
; READ_DURING_WRITE_MODE_MIXED_PORTS ; DONT_CARE            ; Untyped                    ;
; READ_DURING_WRITE_MODE_PORT_A      ; OLD_DATA             ; Untyped                    ;
; READ_DURING_WRITE_MODE_PORT_B      ; NEW_DATA_NO_NBE_READ ; Untyped                    ;
; INIT_FILE                          ; UNUSED               ; Untyped                    ;
; INIT_FILE_LAYOUT                   ; PORT_A               ; Untyped                    ;
; MAXIMUM_DEPTH                      ; 0                    ; Untyped                    ;
; CLOCK_ENABLE_INPUT_A               ; NORMAL               ; Untyped                    ;
; CLOCK_ENABLE_INPUT_B               ; NORMAL               ; Untyped                    ;
; CLOCK_ENABLE_OUTPUT_A              ; NORMAL               ; Untyped                    ;
; CLOCK_ENABLE_OUTPUT_B              ; NORMAL               ; Untyped                    ;
; CLOCK_ENABLE_CORE_A                ; USE_INPUT_CLKEN      ; Untyped                    ;
; CLOCK_ENABLE_CORE_B                ; USE_INPUT_CLKEN      ; Untyped                    ;
; ENABLE_ECC                         ; FALSE                ; Untyped                    ;
; ECC_PIPELINE_STAGE_ENABLED         ; FALSE                ; Untyped                    ;
; WIDTH_ECCSTATUS                    ; 3                    ; Untyped                    ;
; DEVICE_FAMILY                      ; Arria II GX          ; Untyped                    ;
; CBXI_PARAMETER                     ; altsyncram_epe1      ; Untyped                    ;
+------------------------------------+----------------------+----------------------------+
Note: In order to hide this table in the UI and the text report file, please set the "Show Parameter Settings in Synthesis Report" option in "Analysis and Synthesis Settings -> More Settings" to "Off".


+--------------------------------------------------------------------------------------+
; altsyncram Parameter Settings by Entity Instance                                     ;
+-------------------------------------------+------------------------------------------+
; Name                                      ; Value                                    ;
+-------------------------------------------+------------------------------------------+
; Number of entity instances                ; 6                                        ;
; Entity Instance                           ; mem_disp:disp_mem_0|altsyncram:mem_rtl_0 ;
;     -- OPERATION_MODE                     ; SINGLE_PORT                              ;
;     -- WIDTH_A                            ; 1                                        ;
;     -- NUMWORDS_A                         ; 1024                                     ;
;     -- OUTDATA_REG_A                      ; UNREGISTERED                             ;
;     -- WIDTH_B                            ; 1                                        ;
;     -- NUMWORDS_B                         ; 1                                        ;
;     -- ADDRESS_REG_B                      ; CLOCK1                                   ;
;     -- OUTDATA_REG_B                      ; UNREGISTERED                             ;
;     -- RAM_BLOCK_TYPE                     ; AUTO                                     ;
;     -- READ_DURING_WRITE_MODE_MIXED_PORTS ; DONT_CARE                                ;
; Entity Instance                           ; mem_disp:disp_mem_1|altsyncram:mem_rtl_0 ;
;     -- OPERATION_MODE                     ; SINGLE_PORT                              ;
;     -- WIDTH_A                            ; 1                                        ;
;     -- NUMWORDS_A                         ; 1024                                     ;
;     -- OUTDATA_REG_A                      ; UNREGISTERED                             ;
;     -- WIDTH_B                            ; 1                                        ;
;     -- NUMWORDS_B                         ; 1                                        ;
;     -- ADDRESS_REG_B                      ; CLOCK1                                   ;
;     -- OUTDATA_REG_B                      ; UNREGISTERED                             ;
;     -- RAM_BLOCK_TYPE                     ; AUTO                                     ;
;     -- READ_DURING_WRITE_MODE_MIXED_PORTS ; DONT_CARE                                ;
; Entity Instance                           ; mem:trelis_mem_C|altsyncram:mem_rtl_0    ;
;     -- OPERATION_MODE                     ; SINGLE_PORT                              ;
;     -- WIDTH_A                            ; 8                                        ;
;     -- NUMWORDS_A                         ; 1024                                     ;
;     -- OUTDATA_REG_A                      ; UNREGISTERED                             ;
;     -- WIDTH_B                            ; 1                                        ;
;     -- NUMWORDS_B                         ; 1                                        ;
;     -- ADDRESS_REG_B                      ; CLOCK1                                   ;
;     -- OUTDATA_REG_B                      ; UNREGISTERED                             ;
;     -- RAM_BLOCK_TYPE                     ; AUTO                                     ;
;     -- READ_DURING_WRITE_MODE_MIXED_PORTS ; DONT_CARE                                ;
; Entity Instance                           ; mem:trelis_mem_A|altsyncram:mem_rtl_0    ;
;     -- OPERATION_MODE                     ; SINGLE_PORT                              ;
;     -- WIDTH_A                            ; 8                                        ;
;     -- NUMWORDS_A                         ; 1024                                     ;
;     -- OUTDATA_REG_A                      ; UNREGISTERED                             ;
;     -- WIDTH_B                            ; 1                                        ;
;     -- NUMWORDS_B                         ; 1                                        ;
;     -- ADDRESS_REG_B                      ; CLOCK1                                   ;
;     -- OUTDATA_REG_B                      ; UNREGISTERED                             ;
;     -- RAM_BLOCK_TYPE                     ; AUTO                                     ;
;     -- READ_DURING_WRITE_MODE_MIXED_PORTS ; DONT_CARE                                ;
; Entity Instance                           ; mem:trelis_mem_D|altsyncram:mem_rtl_0    ;
;     -- OPERATION_MODE                     ; SINGLE_PORT                              ;
;     -- WIDTH_A                            ; 8                                        ;
;     -- NUMWORDS_A                         ; 1024                                     ;
;     -- OUTDATA_REG_A                      ; UNREGISTERED                             ;
;     -- WIDTH_B                            ; 1                                        ;
;     -- NUMWORDS_B                         ; 1                                        ;
;     -- ADDRESS_REG_B                      ; CLOCK1                                   ;
;     -- OUTDATA_REG_B                      ; UNREGISTERED                             ;
;     -- RAM_BLOCK_TYPE                     ; AUTO                                     ;
;     -- READ_DURING_WRITE_MODE_MIXED_PORTS ; DONT_CARE                                ;
; Entity Instance                           ; mem:trelis_mem_B|altsyncram:mem_rtl_0    ;
;     -- OPERATION_MODE                     ; SINGLE_PORT                              ;
;     -- WIDTH_A                            ; 8                                        ;
;     -- NUMWORDS_A                         ; 1024                                     ;
;     -- OUTDATA_REG_A                      ; UNREGISTERED                             ;
;     -- WIDTH_B                            ; 1                                        ;
;     -- NUMWORDS_B                         ; 1                                        ;
;     -- ADDRESS_REG_B                      ; CLOCK1                                   ;
;     -- OUTDATA_REG_B                      ; UNREGISTERED                             ;
;     -- RAM_BLOCK_TYPE                     ; AUTO                                     ;
;     -- READ_DURING_WRITE_MODE_MIXED_PORTS ; DONT_CARE                                ;
+-------------------------------------------+------------------------------------------+


+-----------------------------------------------------+
; Post-Synthesis Netlist Statistics for Top Partition ;
+-----------------------+-----------------------------+
; Type                  ; Count                       ;
+-----------------------+-----------------------------+
; arriaii_ff            ; 239                         ;
;     CLR               ; 18                          ;
;     CLR SCLR          ; 21                          ;
;     CLR SCLR SLD      ; 56                          ;
;     ENA CLR           ; 10                          ;
;     SCLR              ; 12                          ;
;     SLD               ; 92                          ;
;     plain             ; 30                          ;
; boundary_port         ; 6                           ;
; stratixiv_lcell_comb  ; 358                         ;
;     arith             ; 168                         ;
;         1 data inputs ; 136                         ;
;         3 data inputs ; 32                          ;
;     extend            ; 8                           ;
;         7 data inputs ; 8                           ;
;     normal            ; 182                         ;
;         1 data inputs ; 20                          ;
;         2 data inputs ; 44                          ;
;         3 data inputs ; 23                          ;
;         4 data inputs ; 23                          ;
;         5 data inputs ; 16                          ;
;         6 data inputs ; 56                          ;
; stratixiv_ram_block   ; 34                          ;
;                       ;                             ;
; Max LUT depth         ; 4.70                        ;
; Average LUT depth     ; 2.94                        ;
+-----------------------+-----------------------------+


+-------------------------------+
; Elapsed Time Per Partition    ;
+----------------+--------------+
; Partition Name ; Elapsed Time ;
+----------------+--------------+
; Top            ; 00:00:00     ;
+----------------+--------------+


+-------------------------------+
; Analysis & Synthesis Messages ;
+-------------------------------+
Info: *******************************************************************
Info: Running Quartus Prime Analysis & Synthesis
    Info: Version 23.1std.1 Build 993 05/14/2024 SC Lite Edition
    Info: Processing started: Thu Aug 27 15:33:16 2026
Info: Command: quartus_map --read_settings_files=on --write_settings_files=off decoder -c decoder
Warning (18236): Number of processors has not been specified which may cause overloading on shared machines.  Set the global assignment NUM_PARALLEL_PROCESSORS in your QSF to an appropriate value for best performance.
Info (20030): Parallel compilation is enabled and will use 16 of the 16 processors detected
Info (12021): Found 1 design units, including 1 entities, in source file assignment itself/starter code/tbu.sv
    Info (12023): Found entity 1: tbu File: C:/Users/Jaden/Documents/ECE 111/Final Project/assignment itself/starter code/tbu.sv Line: 1
Info (12021): Found 1 design units, including 1 entities, in source file assignment itself/starter code/mem_8x1024.sv
    Info (12023): Found entity 1: mem File: C:/Users/Jaden/Documents/ECE 111/Final Project/assignment itself/starter code/mem_8x1024.sv Line: 3
Info (12021): Found 1 design units, including 1 entities, in source file assignment itself/starter code/mem_1x1024.sv
    Info (12023): Found entity 1: mem_disp File: C:/Users/Jaden/Documents/ECE 111/Final Project/assignment itself/starter code/mem_1x1024.sv Line: 3
Info (12021): Found 1 design units, including 1 entities, in source file assignment itself/starter code/decoder.sv
    Info (12023): Found entity 1: decoder File: C:/Users/Jaden/Documents/ECE 111/Final Project/assignment itself/starter code/decoder.sv Line: 1
Info (12021): Found 1 design units, including 1 entities, in source file assignment itself/starter code/bmc7.sv
    Info (12023): Found entity 1: bmc7 File: C:/Users/Jaden/Documents/ECE 111/Final Project/assignment itself/starter code/bmc7.sv Line: 5
Info (12021): Found 1 design units, including 1 entities, in source file assignment itself/starter code/bmc6.sv
    Info (12023): Found entity 1: bmc6 File: C:/Users/Jaden/Documents/ECE 111/Final Project/assignment itself/starter code/bmc6.sv Line: 5
Info (12021): Found 1 design units, including 1 entities, in source file assignment itself/starter code/bmc5.sv
    Info (12023): Found entity 1: bmc5 File: C:/Users/Jaden/Documents/ECE 111/Final Project/assignment itself/starter code/bmc5.sv Line: 5
Info (12021): Found 1 design units, including 1 entities, in source file assignment itself/starter code/bmc4.sv
    Info (12023): Found entity 1: bmc4 File: C:/Users/Jaden/Documents/ECE 111/Final Project/assignment itself/starter code/bmc4.sv Line: 5
Info (12021): Found 1 design units, including 1 entities, in source file assignment itself/starter code/bmc3.sv
    Info (12023): Found entity 1: bmc3 File: C:/Users/Jaden/Documents/ECE 111/Final Project/assignment itself/starter code/bmc3.sv Line: 5
Info (12021): Found 1 design units, including 1 entities, in source file assignment itself/starter code/bmc2.sv
    Info (12023): Found entity 1: bmc2 File: C:/Users/Jaden/Documents/ECE 111/Final Project/assignment itself/starter code/bmc2.sv Line: 5
Info (12021): Found 1 design units, including 1 entities, in source file assignment itself/starter code/bmc1.sv
    Info (12023): Found entity 1: bmc1 File: C:/Users/Jaden/Documents/ECE 111/Final Project/assignment itself/starter code/bmc1.sv Line: 5
Info (12021): Found 1 design units, including 1 entities, in source file assignment itself/starter code/bmc0.sv
    Info (12023): Found entity 1: bmc0 File: C:/Users/Jaden/Documents/ECE 111/Final Project/assignment itself/starter code/bmc0.sv Line: 5
Info (12021): Found 1 design units, including 1 entities, in source file assignment itself/starter code/acs.sv
    Info (12023): Found entity 1: ACS File: C:/Users/Jaden/Documents/ECE 111/Final Project/assignment itself/starter code/ACS.sv Line: 1
Warning (10236): Verilog HDL Implicit Net warning at decoder.sv(428): created implicit net for "d_o_disp_mem_0" File: C:/Users/Jaden/Documents/ECE 111/Final Project/assignment itself/starter code/decoder.sv Line: 428
Warning (10236): Verilog HDL Implicit Net warning at decoder.sv(438): created implicit net for "d_o_disp_mem_1" File: C:/Users/Jaden/Documents/ECE 111/Final Project/assignment itself/starter code/decoder.sv Line: 438
Info (12127): Elaborating entity "decoder" for the top level hierarchy
Warning (10230): Verilog HDL assignment warning at decoder.sv(452): truncated value with size 32 to match size of target (10) File: C:/Users/Jaden/Documents/ECE 111/Final Project/assignment itself/starter code/decoder.sv Line: 452
Warning (10230): Verilog HDL assignment warning at decoder.sv(462): truncated value with size 32 to match size of target (10) File: C:/Users/Jaden/Documents/ECE 111/Final Project/assignment itself/starter code/decoder.sv Line: 462
Info (12128): Elaborating entity "bmc0" for hierarchy "bmc0:bmc0_inst" File: C:/Users/Jaden/Documents/ECE 111/Final Project/assignment itself/starter code/decoder.sv Line: 122
Info (12128): Elaborating entity "bmc1" for hierarchy "bmc1:bmc1_inst" File: C:/Users/Jaden/Documents/ECE 111/Final Project/assignment itself/starter code/decoder.sv Line: 123
Info (12128): Elaborating entity "bmc2" for hierarchy "bmc2:bmc2_inst" File: C:/Users/Jaden/Documents/ECE 111/Final Project/assignment itself/starter code/decoder.sv Line: 124
Info (12128): Elaborating entity "bmc3" for hierarchy "bmc3:bmc3_inst" File: C:/Users/Jaden/Documents/ECE 111/Final Project/assignment itself/starter code/decoder.sv Line: 125
Info (12128): Elaborating entity "bmc4" for hierarchy "bmc4:bmc4_inst" File: C:/Users/Jaden/Documents/ECE 111/Final Project/assignment itself/starter code/decoder.sv Line: 126
Info (12128): Elaborating entity "bmc5" for hierarchy "bmc5:bmc5_inst" File: C:/Users/Jaden/Documents/ECE 111/Final Project/assignment itself/starter code/decoder.sv Line: 127
Info (12128): Elaborating entity "bmc6" for hierarchy "bmc6:bmc6_inst" File: C:/Users/Jaden/Documents/ECE 111/Final Project/assignment itself/starter code/decoder.sv Line: 128
Info (12128): Elaborating entity "bmc7" for hierarchy "bmc7:bmc7_inst" File: C:/Users/Jaden/Documents/ECE 111/Final Project/assignment itself/starter code/decoder.sv Line: 129
Info (12128): Elaborating entity "ACS" for hierarchy "ACS:ACS0" File: C:/Users/Jaden/Documents/ECE 111/Final Project/assignment itself/starter code/decoder.sv Line: 135
Info (12128): Elaborating entity "mem" for hierarchy "mem:trelis_mem_A" File: C:/Users/Jaden/Documents/ECE 111/Final Project/assignment itself/starter code/decoder.sv Line: 296
Info (12128): Elaborating entity "tbu" for hierarchy "tbu:tbu_0" File: C:/Users/Jaden/Documents/ECE 111/Final Project/assignment itself/starter code/decoder.sv Line: 404
Info (12128): Elaborating entity "mem_disp" for hierarchy "mem_disp:disp_mem_0" File: C:/Users/Jaden/Documents/ECE 111/Final Project/assignment itself/starter code/decoder.sv Line: 429
Info (19000): Inferred 6 megafunctions from design logic
    Info (276029): Inferred altsyncram megafunction from the following design logic: "mem_disp:disp_mem_0|mem_rtl_0" 
        Info (286033): Parameter OPERATION_MODE set to SINGLE_PORT
        Info (286033): Parameter WIDTH_A set to 1
        Info (286033): Parameter WIDTHAD_A set to 10
        Info (286033): Parameter NUMWORDS_A set to 1024
        Info (286033): Parameter OUTDATA_REG_A set to UNREGISTERED
        Info (286033): Parameter ADDRESS_ACLR_A set to NONE
        Info (286033): Parameter OUTDATA_ACLR_A set to NONE
        Info (286033): Parameter READ_DURING_WRITE_MODE_PORT_A set to OLD_DATA
        Info (286033): Parameter INDATA_ACLR_A set to NONE
        Info (286033): Parameter WRCONTROL_ACLR_A set to NONE
    Info (276029): Inferred altsyncram megafunction from the following design logic: "mem_disp:disp_mem_1|mem_rtl_0" 
        Info (286033): Parameter OPERATION_MODE set to SINGLE_PORT
        Info (286033): Parameter WIDTH_A set to 1
        Info (286033): Parameter WIDTHAD_A set to 10
        Info (286033): Parameter NUMWORDS_A set to 1024
        Info (286033): Parameter OUTDATA_REG_A set to UNREGISTERED
        Info (286033): Parameter ADDRESS_ACLR_A set to NONE
        Info (286033): Parameter OUTDATA_ACLR_A set to NONE
        Info (286033): Parameter READ_DURING_WRITE_MODE_PORT_A set to OLD_DATA
        Info (286033): Parameter INDATA_ACLR_A set to NONE
        Info (286033): Parameter WRCONTROL_ACLR_A set to NONE
    Info (276029): Inferred altsyncram megafunction from the following design logic: "mem:trelis_mem_C|mem_rtl_0" 
        Info (286033): Parameter OPERATION_MODE set to SINGLE_PORT
        Info (286033): Parameter WIDTH_A set to 8
        Info (286033): Parameter WIDTHAD_A set to 10
        Info (286033): Parameter NUMWORDS_A set to 1024
        Info (286033): Parameter OUTDATA_REG_A set to UNREGISTERED
        Info (286033): Parameter ADDRESS_ACLR_A set to NONE
        Info (286033): Parameter OUTDATA_ACLR_A set to NONE
        Info (286033): Parameter READ_DURING_WRITE_MODE_PORT_A set to OLD_DATA
        Info (286033): Parameter INDATA_ACLR_A set to NONE
        Info (286033): Parameter WRCONTROL_ACLR_A set to NONE
    Info (276029): Inferred altsyncram megafunction from the following design logic: "mem:trelis_mem_A|mem_rtl_0" 
        Info (286033): Parameter OPERATION_MODE set to SINGLE_PORT
        Info (286033): Parameter WIDTH_A set to 8
        Info (286033): Parameter WIDTHAD_A set to 10
        Info (286033): Parameter NUMWORDS_A set to 1024
        Info (286033): Parameter OUTDATA_REG_A set to UNREGISTERED
        Info (286033): Parameter ADDRESS_ACLR_A set to NONE
        Info (286033): Parameter OUTDATA_ACLR_A set to NONE
        Info (286033): Parameter READ_DURING_WRITE_MODE_PORT_A set to OLD_DATA
        Info (286033): Parameter INDATA_ACLR_A set to NONE
        Info (286033): Parameter WRCONTROL_ACLR_A set to NONE
    Info (276029): Inferred altsyncram megafunction from the following design logic: "mem:trelis_mem_D|mem_rtl_0" 
        Info (286033): Parameter OPERATION_MODE set to SINGLE_PORT
        Info (286033): Parameter WIDTH_A set to 8
        Info (286033): Parameter WIDTHAD_A set to 10
        Info (286033): Parameter NUMWORDS_A set to 1024
        Info (286033): Parameter OUTDATA_REG_A set to UNREGISTERED
        Info (286033): Parameter ADDRESS_ACLR_A set to NONE
        Info (286033): Parameter OUTDATA_ACLR_A set to NONE
        Info (286033): Parameter READ_DURING_WRITE_MODE_PORT_A set to OLD_DATA
        Info (286033): Parameter INDATA_ACLR_A set to NONE
        Info (286033): Parameter WRCONTROL_ACLR_A set to NONE
    Info (276029): Inferred altsyncram megafunction from the following design logic: "mem:trelis_mem_B|mem_rtl_0" 
        Info (286033): Parameter OPERATION_MODE set to SINGLE_PORT
        Info (286033): Parameter WIDTH_A set to 8
        Info (286033): Parameter WIDTHAD_A set to 10
        Info (286033): Parameter NUMWORDS_A set to 1024
        Info (286033): Parameter OUTDATA_REG_A set to UNREGISTERED
        Info (286033): Parameter ADDRESS_ACLR_A set to NONE
        Info (286033): Parameter OUTDATA_ACLR_A set to NONE
        Info (286033): Parameter READ_DURING_WRITE_MODE_PORT_A set to OLD_DATA
        Info (286033): Parameter INDATA_ACLR_A set to NONE
        Info (286033): Parameter WRCONTROL_ACLR_A set to NONE
Info (12130): Elaborated megafunction instantiation "mem_disp:disp_mem_0|altsyncram:mem_rtl_0"
Info (12133): Instantiated megafunction "mem_disp:disp_mem_0|altsyncram:mem_rtl_0" with the following parameter:
    Info (12134): Parameter "OPERATION_MODE" = "SINGLE_PORT"
    Info (12134): Parameter "WIDTH_A" = "1"
    Info (12134): Parameter "WIDTHAD_A" = "10"
    Info (12134): Parameter "NUMWORDS_A" = "1024"
    Info (12134): Parameter "OUTDATA_REG_A" = "UNREGISTERED"
    Info (12134): Parameter "ADDRESS_ACLR_A" = "NONE"
    Info (12134): Parameter "OUTDATA_ACLR_A" = "NONE"
    Info (12134): Parameter "READ_DURING_WRITE_MODE_PORT_A" = "OLD_DATA"
    Info (12134): Parameter "INDATA_ACLR_A" = "NONE"
    Info (12134): Parameter "WRCONTROL_ACLR_A" = "NONE"
Info (12021): Found 1 design units, including 1 entities, in source file db/altsyncram_7pe1.tdf
    Info (12023): Found entity 1: altsyncram_7pe1 File: C:/Users/Jaden/Documents/ECE 111/Final Project/db/altsyncram_7pe1.tdf Line: 28
Info (12130): Elaborated megafunction instantiation "mem:trelis_mem_C|altsyncram:mem_rtl_0"
Info (12133): Instantiated megafunction "mem:trelis_mem_C|altsyncram:mem_rtl_0" with the following parameter:
    Info (12134): Parameter "OPERATION_MODE" = "SINGLE_PORT"
    Info (12134): Parameter "WIDTH_A" = "8"
    Info (12134): Parameter "WIDTHAD_A" = "10"
    Info (12134): Parameter "NUMWORDS_A" = "1024"
    Info (12134): Parameter "OUTDATA_REG_A" = "UNREGISTERED"
    Info (12134): Parameter "ADDRESS_ACLR_A" = "NONE"
    Info (12134): Parameter "OUTDATA_ACLR_A" = "NONE"
    Info (12134): Parameter "READ_DURING_WRITE_MODE_PORT_A" = "OLD_DATA"
    Info (12134): Parameter "INDATA_ACLR_A" = "NONE"
    Info (12134): Parameter "WRCONTROL_ACLR_A" = "NONE"
Info (12021): Found 1 design units, including 1 entities, in source file db/altsyncram_epe1.tdf
    Info (12023): Found entity 1: altsyncram_epe1 File: C:/Users/Jaden/Documents/ECE 111/Final Project/db/altsyncram_epe1.tdf Line: 28
Info (286030): Timing-Driven Synthesis is running
Info (16010): Generating hard_block partition "hard_block:auto_generated_inst"
    Info (16011): Adding 0 node(s), including 0 DDIO, 0 PLL, 0 transceiver and 0 LCELL
Info (21057): Implemented 564 device resources after synthesis - the final resource count might be different
    Info (21058): Implemented 5 input pins
    Info (21059): Implemented 1 output pins
    Info (21061): Implemented 524 logic cells
    Info (21064): Implemented 34 RAM segments
Info: Quartus Prime Analysis & Synthesis was successful. 0 errors, 5 warnings
    Info: Peak virtual memory: 4898 megabytes
    Info: Processing ended: Thu Aug 27 15:33:24 2026
    Info: Elapsed time: 00:00:08
    Info: Total CPU time (on all processors): 00:00:15


