Fitter report for decoder
Thu Aug 27 15:33:39 2026
Quartus Prime Version 23.1std.1 Build 993 05/14/2024 SC Lite Edition


---------------------
; Table of Contents ;
---------------------
  1. Legal Notice
  2. Fitter Summary
  3. Fitter Settings
  4. Parallel Compilation
  5. Fitter Netlist Optimizations
  6. Incremental Compilation Preservation Summary
  7. Incremental Compilation Partition Settings
  8. Incremental Compilation Placement Preservation
  9. Pin-Out File
 10. Fitter Resource Usage Summary
 11. Fitter Partition Statistics
 12. Input Pins
 13. Output Pins
 14. Dual Purpose and Dedicated Pins
 15. I/O Bank Usage
 16. All Package Pins
 17. I/O Assignment Warnings
 18. Fitter Resource Utilization by Entity
 19. Delay Chain Summary
 20. Pad To Core Delay Chain Fanout
 21. Control Signals
 22. Global & Other Fast Signals
 23. Fitter RAM Summary
 24. Routing Usage Summary
 25. LAB Logic Elements
 26. LAB-wide Signals
 27. LAB Signals Sourced
 28. LAB Signals Sourced Out
 29. LAB Distinct Inputs
 30. I/O Rules Summary
 31. I/O Rules Details
 32. I/O Rules Matrix
 33. Fitter Device Options
 34. Operating Settings and Conditions
 35. Estimated Delay Added for Hold Timing Summary
 36. Estimated Delay Added for Hold Timing Details
 37. Fitter Messages
 38. Fitter Suppressed Messages



----------------
; Legal Notice ;
----------------
Copyright (C) 2024  Intel Corporation. All rights reserved.
Your use of Intel Corporation's design tools, logic functions 
and other software and tools, and any partner logic 
functions, and any output files from any of the foregoing 
(including device programming or simulation files), and any 
associated documentation or information are expressly subject 
to the terms and conditions of the Intel Program License 
Subscription Agreement, the Intel Quartus Prime License Agreement,
the Intel FPGA IP License Agreement, or other applicable license
agreement, including, without limitation, that your use is for
the sole purpose of programming logic devices manufactured by
Intel and sold by Intel or its authorized distributors.  Please
refer to the applicable agreement for further details, at
https://fpgasoftware.intel.com/eula.



+------------------------------------------------------------------------------------+
; Fitter Summary                                                                     ;
+-----------------------------------+------------------------------------------------+
; Fitter Status                     ; Successful - Thu Aug 27 15:33:39 2026          ;
; Quartus Prime Version             ; 23.1std.1 Build 993 05/14/2024 SC Lite Edition ;
; Revision Name                     ; decoder                                        ;
; Top-level Entity Name             ; decoder                                        ;
; Family                            ; Arria II GX                                    ;
; Device                            ; EP2AGX45CU17I3                                 ;
; Timing Models                     ; Final                                          ;
; Logic utilization                 ; 1 %                                            ;
;     Combinational ALUTs           ; 374 / 36,100 ( 1 % )                           ;
;     Memory ALUTs                  ; 0 / 18,050 ( 0 % )                             ;
;     Dedicated logic registers     ; 239 / 36,100 ( < 1 % )                         ;
; Total registers                   ; 239                                            ;
; Total pins                        ; 6 / 176 ( 3 % )                                ;
; Total virtual pins                ; 0                                              ;
; Total block memory bits           ; 34,816 / 2,939,904 ( 1 % )                     ;
; DSP block 18-bit elements         ; 0 / 232 ( 0 % )                                ;
; Total GXB Receiver Channel PCS    ; 0 / 4 ( 0 % )                                  ;
; Total GXB Receiver Channel PMA    ; 0 / 4 ( 0 % )                                  ;
; Total GXB Transmitter Channel PCS ; 0 / 4 ( 0 % )                                  ;
; Total GXB Transmitter Channel PMA ; 0 / 4 ( 0 % )                                  ;
; Total PLLs                        ; 0 / 4 ( 0 % )                                  ;
; Total DLLs                        ; 0 / 2 ( 0 % )                                  ;
+-----------------------------------+------------------------------------------------+


+----------------------------------------------------------------------------------------------------------------------------------------------------+
; Fitter Settings                                                                                                                                    ;
+--------------------------------------------------------------------+---------------------------------------+---------------------------------------+
; Option                                                             ; Setting                               ; Default Value                         ;
+--------------------------------------------------------------------+---------------------------------------+---------------------------------------+
; Device                                                             ; auto                                  ;                                       ;
; Fit Attempts to Skip                                               ; 0                                     ; 0.0                                   ;
; Use smart compilation                                              ; Off                                   ; Off                                   ;
; Enable parallel Assembler and Timing Analyzer during compilation   ; On                                    ; On                                    ;
; Enable compact report table                                        ; Off                                   ; Off                                   ;
; Auto Merge PLLs                                                    ; On                                    ; On                                    ;
; Router Timing Optimization Level                                   ; Normal                                ; Normal                                ;
; Perform Clocking Topology Analysis During Routing                  ; Off                                   ; Off                                   ;
; Placement Effort Multiplier                                        ; 1.0                                   ; 1.0                                   ;
; Router Effort Multiplier                                           ; 1.0                                   ; 1.0                                   ;
; Optimize Hold Timing                                               ; All Paths                             ; All Paths                             ;
; Optimize Multi-Corner Timing                                       ; On                                    ; On                                    ;
; Auto RAM to MLAB Conversion                                        ; On                                    ; On                                    ;
; Equivalent RAM and MLAB Power Up                                   ; Auto                                  ; Auto                                  ;
; Equivalent RAM and MLAB Paused Read Capabilities                   ; Care                                  ; Care                                  ;
; Power Optimization During Fitting                                  ; Normal compilation                    ; Normal compilation                    ;
; SSN Optimization                                                   ; Off                                   ; Off                                   ;
; Optimize Timing                                                    ; Normal compilation                    ; Normal compilation                    ;
; Optimize Timing for ECOs                                           ; Off                                   ; Off                                   ;
; Regenerate Full Fit Report During ECO Compiles                     ; Off                                   ; Off                                   ;
; Optimize IOC Register Placement for Timing                         ; Normal                                ; Normal                                ;
; Limit to One Fitting Attempt                                       ; Off                                   ; Off                                   ;
; Final Placement Optimizations                                      ; Automatically                         ; Automatically                         ;
; Fitter Aggressive Routability Optimizations                        ; Automatically                         ; Automatically                         ;
; Fitter Initial Placement Seed                                      ; 1                                     ; 1                                     ;
; Periphery to Core Placement and Routing Optimization               ; Off                                   ; Off                                   ;
; Weak Pull-Up Resistor                                              ; Off                                   ; Off                                   ;
; Enable Bus-Hold Circuitry                                          ; Off                                   ; Off                                   ;
; Auto Packed Registers                                              ; Auto                                  ; Auto                                  ;
; Auto Delay Chains                                                  ; On                                    ; On                                    ;
; Auto Delay Chains for High Fanout Input Pins                       ; Off                                   ; Off                                   ;
; Allow Single-ended Buffer for Differential-XSTL Input              ; Off                                   ; Off                                   ;
; Treat Bidirectional Pin as Output Pin                              ; Off                                   ; Off                                   ;
; Perform Physical Synthesis for Combinational Logic for Fitting     ; Off                                   ; Off                                   ;
; Perform Physical Synthesis for Combinational Logic for Performance ; Off                                   ; Off                                   ;
; Perform Register Duplication for Performance                       ; Off                                   ; Off                                   ;
; Perform Logic to Memory Mapping for Fitting                        ; Off                                   ; Off                                   ;
; Perform Register Retiming for Performance                          ; Off                                   ; Off                                   ;
; Perform Asynchronous Signal Pipelining                             ; Off                                   ; Off                                   ;
; Fitter Effort                                                      ; Auto Fit                              ; Auto Fit                              ;
; Physical Synthesis Effort Level                                    ; Normal                                ; Normal                                ;
; Logic Cell Insertion - Logic Duplication                           ; Auto                                  ; Auto                                  ;
; Auto Register Duplication                                          ; Auto                                  ; Auto                                  ;
; Auto Global Clock                                                  ; On                                    ; On                                    ;
; Auto Global Register Control Signals                               ; On                                    ; On                                    ;
; Generate GXB Reconfig MIF                                          ; Off                                   ; Off                                   ;
; Reserve all unused pins                                            ; As input tri-stated with weak pull-up ; As input tri-stated with weak pull-up ;
; Synchronizer Identification                                        ; Auto                                  ; Auto                                  ;
; Enable Beneficial Skew Optimization                                ; On                                    ; On                                    ;
; Optimize Design for Metastability                                  ; On                                    ; On                                    ;
; Active Serial clock source                                         ; FREQ_40MHz                            ; FREQ_40MHz                            ;
; Force Fitter to Avoid Periphery Placement Warnings                 ; Off                                   ; Off                                   ;
; Clamping Diode                                                     ; Off                                   ; Off                                   ;
; Enable input tri-state on active configuration pins in user mode   ; Off                                   ; Off                                   ;
+--------------------------------------------------------------------+---------------------------------------+---------------------------------------+


+------------------------------------------+
; Parallel Compilation                     ;
+----------------------------+-------------+
; Processors                 ; Number      ;
+----------------------------+-------------+
; Number detected on machine ; 16          ;
; Maximum allowed            ; 16          ;
;                            ;             ;
; Average used               ; 1.13        ;
; Maximum used               ; 16          ;
;                            ;             ;
; Usage by Processor         ; % Time Used ;
;     Processor 1            ; 100.0%      ;
;     Processors 2-16        ;   0.9%      ;
+----------------------------+-------------+


+--------------------------------------------------------------------------------------------------------------------------------------------------------------------------------------------------------------------------+
; Fitter Netlist Optimizations                                                                                                                                                                                             ;
+----------------------+------------+---------------------------------------------------+--------------------------+-----------+----------------+-------------------------------+------------------+-----------------------+
; Node                 ; Action     ; Operation                                         ; Reason                   ; Node Port ; Node Port Name ; Destination Node              ; Destination Port ; Destination Port Name ;
+----------------------+------------+---------------------------------------------------+--------------------------+-----------+----------------+-------------------------------+------------------+-----------------------+
; ACS:ACS0|LessThan0~4 ; Duplicated ; Router Logic Cell Insertion and Logic Duplication ; Routability optimization ;           ;                ; ACS:ACS0|LessThan0~4DUPLICATE ;                  ;                       ;
; ACS:ACS1|LessThan0~2 ; Duplicated ; Router Logic Cell Insertion and Logic Duplication ; Routability optimization ;           ;                ; ACS:ACS1|LessThan0~2DUPLICATE ;                  ;                       ;
; ACS:ACS1|LessThan0~4 ; Duplicated ; Router Logic Cell Insertion and Logic Duplication ; Routability optimization ;           ;                ; ACS:ACS1|LessThan0~4DUPLICATE ;                  ;                       ;
; ACS:ACS2|LessThan0~0 ; Duplicated ; Router Logic Cell Insertion and Logic Duplication ; Routability optimization ;           ;                ; ACS:ACS2|LessThan0~0DUPLICATE ;                  ;                       ;
; ACS:ACS2|LessThan0~3 ; Duplicated ; Router Logic Cell Insertion and Logic Duplication ; Routability optimization ;           ;                ; ACS:ACS2|LessThan0~3DUPLICATE ;                  ;                       ;
; ACS:ACS3|LessThan0~2 ; Duplicated ; Router Logic Cell Insertion and Logic Duplication ; Routability optimization ;           ;                ; ACS:ACS3|LessThan0~2DUPLICATE ;                  ;                       ;
; ACS:ACS3|LessThan0~3 ; Duplicated ; Router Logic Cell Insertion and Logic Duplication ; Routability optimization ;           ;                ; ACS:ACS3|LessThan0~3DUPLICATE ;                  ;                       ;
; ACS:ACS5|LessThan0~0 ; Duplicated ; Router Logic Cell Insertion and Logic Duplication ; Routability optimization ;           ;                ; ACS:ACS5|LessThan0~0DUPLICATE ;                  ;                       ;
; ACS:ACS5|LessThan0~2 ; Duplicated ; Router Logic Cell Insertion and Logic Duplication ; Routability optimization ;           ;                ; ACS:ACS5|LessThan0~2DUPLICATE ;                  ;                       ;
; ACS:ACS5|LessThan0~4 ; Duplicated ; Router Logic Cell Insertion and Logic Duplication ; Routability optimization ;           ;                ; ACS:ACS5|LessThan0~4DUPLICATE ;                  ;                       ;
; ACS:ACS6|LessThan0~1 ; Duplicated ; Router Logic Cell Insertion and Logic Duplication ; Routability optimization ;           ;                ; ACS:ACS6|LessThan0~1DUPLICATE ;                  ;                       ;
; ACS:ACS6|LessThan0~3 ; Duplicated ; Router Logic Cell Insertion and Logic Duplication ; Routability optimization ;           ;                ; ACS:ACS6|LessThan0~3DUPLICATE ;                  ;                       ;
; ACS:ACS7|LessThan0~4 ; Duplicated ; Router Logic Cell Insertion and Logic Duplication ; Routability optimization ;           ;                ; ACS:ACS7|LessThan0~4DUPLICATE ;                  ;                       ;
; selection~4          ; Duplicated ; Router Logic Cell Insertion and Logic Duplication ; Routability optimization ;           ;                ; selection~4DUPLICATE          ;                  ;                       ;
; selection~5          ; Duplicated ; Router Logic Cell Insertion and Logic Duplication ; Routability optimization ;           ;                ; selection~5DUPLICATE          ;                  ;                       ;
+----------------------+------------+---------------------------------------------------+--------------------------+-----------+----------------+-------------------------------+------------------+-----------------------+


+--------------------------------------------------------------------------------------------------+
; Incremental Compilation Preservation Summary                                                     ;
+---------------------+--------------------+----------------------------+--------------------------+
; Type                ; Total [A + B]      ; From Design Partitions [A] ; From Rapid Recompile [B] ;
+---------------------+--------------------+----------------------------+--------------------------+
; Placement (by node) ;                    ;                            ;                          ;
;     -- Requested    ; 0.00 % ( 0 / 648 ) ; 0.00 % ( 0 / 648 )         ; 0.00 % ( 0 / 648 )       ;
;     -- Achieved     ; 0.00 % ( 0 / 648 ) ; 0.00 % ( 0 / 648 )         ; 0.00 % ( 0 / 648 )       ;
;                     ;                    ;                            ;                          ;
; Routing (by net)    ;                    ;                            ;                          ;
;     -- Requested    ; 0.00 % ( 0 / 0 )   ; 0.00 % ( 0 / 0 )           ; 0.00 % ( 0 / 0 )         ;
;     -- Achieved     ; 0.00 % ( 0 / 0 )   ; 0.00 % ( 0 / 0 )           ; 0.00 % ( 0 / 0 )         ;
+---------------------+--------------------+----------------------------+--------------------------+


+----------------------------------------------------------------------------------------------------------------------------------------------------------------------------------------+
; Incremental Compilation Partition Settings                                                                                                                                             ;
+--------------------------------+----------------+-------------------+-------------------------+------------------------+------------------------------+--------------------------------+
; Partition Name                 ; Partition Type ; Netlist Type Used ; Preservation Level Used ; Netlist Type Requested ; Preservation Level Requested ; Contents                       ;
+--------------------------------+----------------+-------------------+-------------------------+------------------------+------------------------------+--------------------------------+
; Top                            ; User-created   ; Source File       ; N/A                     ; Source File            ; N/A                          ;                                ;
; hard_block:auto_generated_inst ; Auto-generated ; Source File       ; N/A                     ; Source File            ; N/A                          ; hard_block:auto_generated_inst ;
+--------------------------------+----------------+-------------------+-------------------------+------------------------+------------------------------+--------------------------------+


+------------------------------------------------------------------------------------------------------------------------------------+
; Incremental Compilation Placement Preservation                                                                                     ;
+--------------------------------+-----------------------+-------------------------+-------------------+---------------------+-------+
; Partition Name                 ; Preservation Achieved ; Preservation Level Used ; Netlist Type Used ; Preservation Method ; Notes ;
+--------------------------------+-----------------------+-------------------------+-------------------+---------------------+-------+
; Top                            ; 0.00 % ( 0 / 646 )    ; N/A                     ; Source File       ; N/A                 ;       ;
; hard_block:auto_generated_inst ; 0.00 % ( 0 / 2 )      ; N/A                     ; Source File       ; N/A                 ;       ;
+--------------------------------+-----------------------+-------------------------+-------------------+---------------------+-------+


+--------------+
; Pin-Out File ;
+--------------+
The pin-out file can be found in C:/Users/Jaden/Documents/ECE 111/Final Project/output_files/decoder.pin.


+----------------------------------------------------------------------------------------------------------------+
; Fitter Resource Usage Summary                                                                                  ;
+-----------------------------------------------------------------------------------+----------------------------+
; Resource                                                                          ; Usage                      ;
+-----------------------------------------------------------------------------------+----------------------------+
; ALUTs Used                                                                        ; 374 / 36,100 ( 1 % )       ;
;     -- Combinational ALUTs                                                        ; 374 / 36,100 ( 1 % )       ;
;     -- Memory ALUTs                                                               ; 0 / 18,050 ( 0 % )         ;
;     -- LUT_REGs                                                                   ; 0 / 36,100 ( 0 % )         ;
; Dedicated logic registers                                                         ; 239 / 36,100 ( < 1 % )     ;
;                                                                                   ;                            ;
; Combinational ALUT usage by number of inputs                                      ;                            ;
;     -- 7 input functions                                                          ; 8                          ;
;     -- 6 input functions                                                          ; 70                         ;
;     -- 5 input functions                                                          ; 16                         ;
;     -- 4 input functions                                                          ; 23                         ;
;     -- <=3 input functions                                                        ; 257                        ;
;                                                                                   ;                            ;
; Combinational ALUTs by mode                                                       ;                            ;
;     -- normal mode                                                                ; 198                        ;
;     -- extended LUT mode                                                          ; 8                          ;
;     -- arithmetic mode                                                            ; 168                        ;
;     -- shared arithmetic mode                                                     ; 0                          ;
;                                                                                   ;                            ;
; Logic utilization                                                                 ; 504 / 36,100 ( 1 % )       ;
;     -- Difficulty Clustering Design                                               ; Low                        ;
;     -- Combinational ALUT/register pairs used in final Placement                  ; 463                        ;
;         -- Combinational with no register                                         ; 224                        ;
;         -- Register only                                                          ; 89                         ;
;         -- Combinational with a register                                          ; 150                        ;
;     -- Estimated pairs recoverable by pairing ALUTs and registers as design grows ; -34                        ;
;     -- Estimated Combinational ALUT/register pairs unavailable                    ; 75                         ;
;         -- Unavailable due to Memory LAB use                                      ; 0                          ;
;         -- Unavailable due to unpartnered 7 LUTs                                  ; 8                          ;
;         -- Unavailable due to unpartnered 6 LUTs                                  ; 48                         ;
;         -- Unavailable due to unpartnered 5 LUTs                                  ; 0                          ;
;         -- Unavailable due to LAB-wide signal conflicts                           ; 19                         ;
;         -- Unavailable due to LAB input limits                                    ; 0                          ;
;                                                                                   ;                            ;
; Total registers*                                                                  ; 239                        ;
;     -- Dedicated logic registers                                                  ; 239 / 36,100 ( < 1 % )     ;
;     -- I/O registers                                                              ; 0 / 912 ( 0 % )            ;
;     -- LUT_REGs                                                                   ; 0                          ;
;                                                                                   ;                            ;
; ALMs:  partially or completely used                                               ; 268 / 18,050 ( 1 % )       ;
;                                                                                   ;                            ;
; Total LABs:  partially or completely used                                         ; 31 / 1,805 ( 2 % )         ;
;     -- Logic LABs                                                                 ; 31 / 31 ( 100 % )          ;
;     -- Memory LABs                                                                ; 0 / 31 ( 0 % )             ;
;                                                                                   ;                            ;
; Virtual pins                                                                      ; 0                          ;
; I/O pins                                                                          ; 6 / 176 ( 3 % )            ;
;     -- Clock pins                                                                 ; 1 / 8 ( 13 % )             ;
;     -- Dedicated input pins                                                       ; 0 / 20 ( 0 % )             ;
;                                                                                   ;                            ;
; M9K blocks                                                                        ; 6 / 319 ( 2 % )            ;
; Total MLAB memory bits                                                            ; 0                          ;
; Total block memory bits                                                           ; 34,816 / 2,939,904 ( 1 % ) ;
; Total block memory implementation bits                                            ; 55,296 / 2,939,904 ( 2 % ) ;
; DSP block 18-bit elements                                                         ; 0 / 232 ( 0 % )            ;
; PLLs                                                                              ; 0 / 4 ( 0 % )              ;
; Global signals                                                                    ; 2                          ;
;     -- Global clocks                                                              ; 2 / 16 ( 13 % )            ;
;     -- Quadrant clocks                                                            ; 0 / 48 ( 0 % )             ;
;     -- Periphery clocks                                                           ; 0 / 50 ( 0 % )             ;
; SERDES receivers                                                                  ; 0 / 8 ( 0 % )              ;
; JTAGs                                                                             ; 0 / 1 ( 0 % )              ;
; ASMI blocks                                                                       ; 0 / 1 ( 0 % )              ;
; CRC blocks                                                                        ; 0 / 1 ( 0 % )              ;
; Remote update blocks                                                              ; 0 / 1 ( 0 % )              ;
; Oscillator blocks                                                                 ; 0 / 1 ( 0 % )              ;
; GXB Receiver channel PCSs                                                         ; 0 / 4 ( 0 % )              ;
; GXB Receiver channel PMAs                                                         ; 0 / 4 ( 0 % )              ;
; GXB Transmitter channel PCSs                                                      ; 0 / 4 ( 0 % )              ;
; GXB Transmitter channel PMAs                                                      ; 0 / 4 ( 0 % )              ;
; HSSI CMU PLLs                                                                     ; 0 / 2 ( 0 % )              ;
; Impedance control blocks                                                          ; 0 / 3 ( 0 % )              ;
; Average interconnect usage (total/H/V)                                            ; 0.2% / 0.2% / 0.2%         ;
; Peak interconnect usage (total/H/V)                                               ; 2.4% / 2.6% / 2.1%         ;
; Maximum fan-out                                                                   ; 245                        ;
; Highest non-global fan-out                                                        ; 60                         ;
; Total fan-out                                                                     ; 2381                       ;
; Average fan-out                                                                   ; 3.33                       ;
+-----------------------------------------------------------------------------------+----------------------------+
*  Register count does not include registers inside RAM blocks or DSP blocks.



+--------------------------------------------------------------------------------------------------------------------------------------------+
; Fitter Partition Statistics                                                                                                                ;
+-----------------------------------------------------------------------------------+-----------------------+--------------------------------+
; Statistic                                                                         ; Top                   ; hard_block:auto_generated_inst ;
+-----------------------------------------------------------------------------------+-----------------------+--------------------------------+
; Difficulty Clustering Region                                                      ; Low                   ; Low                            ;
;                                                                                   ;                       ;                                ;
; Logic utilization                                                                 ; 504 / 36100 ( 1 % )   ; 0 / 36100 ( 0 % )              ;
;     -- Combinational ALUT/register pairs used in final Placement                  ; 463                   ; 0                              ;
;         -- Combinational with no register                                         ; 224                   ; 0                              ;
;         -- Register only                                                          ; 89                    ; 0                              ;
;         -- Combinational with a register                                          ; 150                   ; 0                              ;
;     -- Estimated pairs recoverable by pairing ALUTs and registers as design grows ; -34                   ; 0                              ;
;     -- Estimated Combinational ALUT/register pairs unavailable                    ; 75                    ; 0                              ;
;         -- Unavailable due to Memory LAB use                                      ; 0                     ; 0                              ;
;         -- Unavailable due to unpartnered 7 LUTs                                  ; 8                     ; 0                              ;
;         -- Unavailable due to unpartnered 6 LUTs                                  ; 48                    ; 0                              ;
;         -- Unavailable due to unpartnered 5 LUTs                                  ; 0                     ; 0                              ;
;         -- Unavailable due to LAB-wide signal conflicts                           ; 19                    ; 0                              ;
;         -- Unavailable due to LAB input limits                                    ; 0                     ; 0                              ;
;                                                                                   ;                       ;                                ;
; ALUTs Used                                                                        ; 374 / 36100 ( 1 % )   ; 0 / 36100 ( 0 % )              ;
;     -- Combinational ALUTs                                                        ; 374 / 36100 ( 1 % )   ; 0 / 36100 ( 0 % )              ;
;     -- Memory ALUTs                                                               ; 0 / 18050 ( 0 % )     ; 0 / 18050 ( 0 % )              ;
;     -- LUT_REGs                                                                   ; 0 / 36100 ( 0 % )     ; 0 / 36100 ( 0 % )              ;
; Dedicated logic registers                                                         ; 239 / 36100 ( < 1 % ) ; 0 / 36100 ( 0 % )              ;
;                                                                                   ;                       ;                                ;
; Combinational ALUT usage by number of inputs                                      ;                       ;                                ;
;     -- 7 input functions                                                          ; 8                     ; 0                              ;
;     -- 6 input functions                                                          ; 70                    ; 0                              ;
;     -- 5 input functions                                                          ; 16                    ; 0                              ;
;     -- 4 input functions                                                          ; 23                    ; 0                              ;
;     -- <=3 input functions                                                        ; 257                   ; 0                              ;
;                                                                                   ;                       ;                                ;
; Combinational ALUTs by mode                                                       ;                       ;                                ;
;     -- normal mode                                                                ; 198                   ; 0                              ;
;     -- extended LUT mode                                                          ; 8                     ; 0                              ;
;     -- arithmetic mode                                                            ; 168                   ; 0                              ;
;     -- shared arithmetic mode                                                     ; 0                     ; 0                              ;
;                                                                                   ;                       ;                                ;
; Total registers                                                                   ; 239                   ; 0                              ;
;     -- Dedicated logic registers                                                  ; 239 / 36100 ( < 1 % ) ; 0 / 36100 ( 0 % )              ;
;     -- I/O registers                                                              ; 0                     ; 0                              ;
;     -- LUT_REGs                                                                   ; 0                     ; 0                              ;
;                                                                                   ;                       ;                                ;
; Memory LAB cells by mode                                                          ;                       ;                                ;
;     -- 64-address deep                                                            ; 0                     ; 0                              ;
;     -- 32-address deep                                                            ; 0                     ; 0                              ;
;                                                                                   ;                       ;                                ;
; ALMs:  partially or completely used                                               ; 268 / 18050 ( 1 % )   ; 0 / 18050 ( 0 % )              ;
;                                                                                   ;                       ;                                ;
; Total LABs:  partially or completely used                                         ; 31 / 1805 ( 2 % )     ; 0 / 1805 ( 0 % )               ;
;     -- Logic LABs                                                                 ; 31                    ; 0                              ;
;     -- Memory LABs                                                                ; 0                     ; 0                              ;
;                                                                                   ;                       ;                                ;
; Virtual pins                                                                      ; 0                     ; 0                              ;
; I/O pins                                                                          ; 6                     ; 0                              ;
; DSP block 18-bit elements                                                         ; 0 / 232 ( 0 % )       ; 0 / 232 ( 0 % )                ;
; Total block memory bits                                                           ; 34816                 ; 0                              ;
; Total block memory implementation bits                                            ; 55296                 ; 0                              ;
; M9K block                                                                         ; 6 / 319 ( 1 % )       ; 0 / 319 ( 0 % )                ;
; Clock enable block                                                                ; 2 / 126 ( 1 % )       ; 0 / 126 ( 0 % )                ;
;                                                                                   ;                       ;                                ;
; Connections                                                                       ;                       ;                                ;
;     -- Input Connections                                                          ; 0                     ; 0                              ;
;     -- Registered Input Connections                                               ; 0                     ; 0                              ;
;     -- Output Connections                                                         ; 0                     ; 0                              ;
;     -- Registered Output Connections                                              ; 0                     ; 0                              ;
;                                                                                   ;                       ;                                ;
; Internal Connections                                                              ;                       ;                                ;
;     -- Total Connections                                                          ; 2414                  ; 1                              ;
;     -- Registered Connections                                                     ; 688                   ; 0                              ;
;                                                                                   ;                       ;                                ;
; External Connections                                                              ;                       ;                                ;
;     -- Top                                                                        ; 0                     ; 0                              ;
;     -- hard_block:auto_generated_inst                                             ; 0                     ; 0                              ;
;                                                                                   ;                       ;                                ;
; Partition Interface                                                               ;                       ;                                ;
;     -- Input Ports                                                                ; 5                     ; 0                              ;
;     -- Output Ports                                                               ; 1                     ; 0                              ;
;     -- Bidir Ports                                                                ; 0                     ; 0                              ;
;                                                                                   ;                       ;                                ;
; Registered Ports                                                                  ;                       ;                                ;
;     -- Registered Input Ports                                                     ; 0                     ; 0                              ;
;     -- Registered Output Ports                                                    ; 0                     ; 0                              ;
;                                                                                   ;                       ;                                ;
; Port Connectivity                                                                 ;                       ;                                ;
;     -- Input Ports driven by GND                                                  ; 0                     ; 0                              ;
;     -- Output Ports driven by GND                                                 ; 0                     ; 0                              ;
;     -- Input Ports driven by VCC                                                  ; 0                     ; 0                              ;
;     -- Output Ports driven by VCC                                                 ; 0                     ; 0                              ;
;     -- Input Ports with no Source                                                 ; 0                     ; 0                              ;
;     -- Output Ports with no Source                                                ; 0                     ; 0                              ;
;     -- Input Ports with no Fanout                                                 ; 0                     ; 0                              ;
;     -- Output Ports with no Fanout                                                ; 0                     ; 0                              ;
+-----------------------------------------------------------------------------------+-----------------------+--------------------------------+


+--------------------------------------------------------------------------------------------------------------------------------------------------------------------------------------------------------------------------------------------------------------------------------------------------------+
; Input Pins                                                                                                                                                                                                                                                                                             ;
+---------+-------+----------+--------------+--------------+--------------+-----------------------+--------------------+--------+----------------+---------------+-----------------+----------+--------------+--------------+-------------+---------------------------+----------------------+-----------+
; Name    ; Pin # ; I/O Bank ; X coordinate ; Y coordinate ; Z coordinate ; Combinational Fan-Out ; Registered Fan-Out ; Global ; Input Register ; Power Up High ; PCI I/O Enabled ; Bus Hold ; Weak Pull Up ; I/O Standard ; Termination ; Termination Control Block ; Location assigned by ; Slew Rate ;
+---------+-------+----------+--------------+--------------+--------------+-----------------------+--------------------+--------+----------------+---------------+-----------------+----------+--------------+--------------+-------------+---------------------------+----------------------+-----------+
; clk     ; T10   ; 3A       ; 26           ; 0            ; 31           ; 245                   ; 0                  ; yes    ; no             ; no            ; no              ; no       ; Off          ; 2.5 V        ; Off         ; --                        ; Fitter               ; no        ;
; d_in[0] ; B9    ; 7A       ; 28           ; 56           ; 31           ; 32                    ; 0                  ; no     ; no             ; no            ; no              ; no       ; Off          ; 2.5 V        ; Off         ; --                        ; Fitter               ; no        ;
; d_in[1] ; A8    ; 7A       ; 28           ; 56           ; 62           ; 32                    ; 0                  ; no     ; no             ; no            ; no              ; no       ; Off          ; 2.5 V        ; Off         ; --                        ; Fitter               ; no        ;
; enable  ; D11   ; 8A       ; 10           ; 56           ; 31           ; 60                    ; 0                  ; no     ; no             ; no            ; no              ; no       ; Off          ; 2.5 V        ; Off         ; --                        ; Fitter               ; no        ;
; rst     ; U10   ; 3A       ; 26           ; 0            ; 93           ; 110                   ; 0                  ; yes    ; no             ; no            ; no              ; no       ; Off          ; 2.5 V        ; Off         ; --                        ; Fitter               ; no        ;
+---------+-------+----------+--------------+--------------+--------------+-----------------------+--------------------+--------+----------------+---------------+-----------------+----------+--------------+--------------+-------------+---------------------------+----------------------+-----------+


+--------------------------------------------------------------------------------------------------------------------------------------------------------------------------------------------------------------------------------------------------------------------------------------------------------------------------------------------------------------------------------------------------------------------------------------------------------+
; Output Pins                                                                                                                                                                                                                                                                                                                                                                                                                                            ;
+-------+-------+----------+--------------+--------------+--------------+-----------------+------------------------+---------------+-----------+-----------------+------------+---------------+----------+--------------+--------------+------------------+-----------------------------------+---------------------------+----------------------------+-----------------------------+----------------------+----------------------+---------------------+
; Name  ; Pin # ; I/O Bank ; X coordinate ; Y coordinate ; Z coordinate ; Output Register ; Output Enable Register ; Power Up High ; Slew Rate ; PCI I/O Enabled ; Open Drain ; TRI Primitive ; Bus Hold ; Weak Pull Up ; I/O Standard ; Current Strength ; Termination                       ; Termination Control Block ; Output Buffer Pre-emphasis ; Voltage Output Differential ; Location assigned by ; Output Enable Source ; Output Enable Group ;
+-------+-------+----------+--------------+--------------+--------------+-----------------+------------------------+---------------+-----------+-----------------+------------+---------------+----------+--------------+--------------+------------------+-----------------------------------+---------------------------+----------------------------+-----------------------------+----------------------+----------------------+---------------------+
; d_out ; C12   ; 8A       ; 10           ; 56           ; 93           ; no              ; no                     ; no            ; 1         ; no              ; no         ; no            ; no       ; Off          ; 2.5 V        ; Default          ; Series 50 Ohm without Calibration ; --                        ; no                         ; no                          ; Fitter               ; -                    ; -                   ;
+-------+-------+----------+--------------+--------------+--------------+-----------------+------------------------+---------------+-----------+-----------------+------------+---------------+----------+--------------+--------------+------------------+-----------------------------------+---------------------------+----------------------------+-----------------------------+----------------------+----------------------+---------------------+


+---------------------------------------------------------------------------------------------------------------------+
; Dual Purpose and Dedicated Pins                                                                                     ;
+----------+----------------------------------+------------------------+------------------+---------------------------+
; Location ; Pin Name                         ; Reserved As            ; User Signal Name ; Pin Type                  ;
+----------+----------------------------------+------------------------+------------------+---------------------------+
; M17      ; nCONFIG                          ; -                      ; -                ; Dedicated Programming Pin ;
; N17      ; CONF_DONE                        ; -                      ; -                ; Dedicated Programming Pin ;
; U16      ; MSEL3                            ; -                      ; -                ; Dedicated Programming Pin ;
; R16      ; MSEL2                            ; -                      ; -                ; Dedicated Programming Pin ;
; P17      ; MSEL1                            ; -                      ; -                ; Dedicated Programming Pin ;
; R18      ; MSEL0                            ; -                      ; -                ; Dedicated Programming Pin ;
; V16      ; nSTATUS                          ; -                      ; -                ; Dedicated Programming Pin ;
; L17      ; nIO_PULLUP                       ; -                      ; -                ; Dedicated Programming Pin ;
; K18      ; nCE                              ; -                      ; -                ; Dedicated Programming Pin ;
; W12      ; DIFFIO_RX_B2p, DIFFOUT_B2p, nCEO ; Use as programming pin ; ~ALTERA_nCEO~    ; Dual Purpose Pin          ;
; C16      ; ASDO                             ; -                      ; -                ; Dedicated Programming Pin ;
; E18      ; nCSO                             ; -                      ; -                ; Dedicated Programming Pin ;
; G17      ; DATA0                            ; -                      ; -                ; Dedicated Programming Pin ;
; K17      ; DCLK                             ; -                      ; -                ; Dedicated Programming Pin ;
+----------+----------------------------------+------------------------+------------------+---------------------------+


+---------------------------------------------------------------------------+
; I/O Bank Usage                                                            ;
+----------+-----------------+---------------+--------------+---------------+
; I/O Bank ; Usage           ; VCCIO Voltage ; VREF Voltage ; VCCPD Voltage ;
+----------+-----------------+---------------+--------------+---------------+
; QL1      ; 0 / 0 ( -- )    ; --            ; --           ; --            ;
; QL0      ; 0 / 20 ( 0 % )  ; --            ; --           ; --            ;
; 3C       ; 0 / 0 ( -- )    ; 2.5V          ; --           ; 2.5V          ;
; 3A       ; 3 / 22 ( 14 % ) ; 2.5V          ; --           ; 2.5V          ;
; 4A       ; 0 / 38 ( 0 % )  ; 2.5V          ; --           ; 2.5V          ;
; 5A       ; 0 / 18 ( 0 % )  ; 2.5V          ; --           ; 2.5V          ;
; 6A       ; 0 / 18 ( 0 % )  ; 2.5V          ; --           ; 2.5V          ;
; 7A       ; 2 / 38 ( 5 % )  ; 2.5V          ; --           ; 2.5V          ;
; 8A       ; 2 / 22 ( 9 % )  ; 2.5V          ; --           ; 2.5V          ;
; 8C       ; 0 / 0 ( -- )    ; 2.5V          ; --           ; 2.5V          ;
+----------+-----------------+---------------+--------------+---------------+


+--------------------------------------------------------------------------------------------------------------------------------------------------------------------------+
; All Package Pins                                                                                                                                                         ;
+----------+------------+----------+--------------------------------------------+--------+--------------+---------+------------+-----------------+----------+--------------+
; Location ; Pad Number ; I/O Bank ; Pin Name/Usage                             ; Dir.   ; I/O Standard ; Voltage ; I/O Type   ; User Assignment ; Bus Hold ; Weak Pull Up ;
+----------+------------+----------+--------------------------------------------+--------+--------------+---------+------------+-----------------+----------+--------------+
; A1       ; 337        ; 7A       ; RESERVED_INPUT_WITH_WEAK_PULLUP            ;        ;              ;         ; Column I/O ;                 ; no       ; On           ;
; A2       ; 340        ; 7A       ; RESERVED_INPUT_WITH_WEAK_PULLUP            ;        ;              ;         ; Column I/O ;                 ; no       ; On           ;
; A3       ; 338        ; 7A       ; RESERVED_INPUT_WITH_WEAK_PULLUP            ;        ;              ;         ; Column I/O ;                 ; no       ; On           ;
; A4       ; 359        ; 7A       ; RESERVED_INPUT_WITH_WEAK_PULLUP            ;        ;              ;         ; Column I/O ;                 ; no       ; On           ;
; A5       ; 363        ; 7A       ; RESERVED_INPUT_WITH_WEAK_PULLUP            ;        ;              ;         ; Column I/O ;                 ; no       ; On           ;
; A6       ; 361        ; 7A       ; RESERVED_INPUT_WITH_WEAK_PULLUP            ;        ;              ;         ; Column I/O ;                 ; no       ; On           ;
; A7       ; 367        ; 7A       ; RESERVED_INPUT_WITH_WEAK_PULLUP            ;        ;              ;         ; Column I/O ;                 ; no       ; On           ;
; A8       ; 371        ; 7A       ; d_in[1]                                    ; input  ; 2.5 V        ;         ; Column I/O ; N               ; no       ; Off          ;
; A9       ; 372        ; 7A       ; RESERVED_INPUT_WITH_WEAK_PULLUP            ;        ;              ;         ; Column I/O ;                 ; no       ; On           ;
; A10      ; 368        ; 7A       ; RESERVED_INPUT_WITH_WEAK_PULLUP            ;        ;              ;         ; Column I/O ;                 ; no       ; On           ;
; A11      ; 411        ; 8A       ; RESERVED_INPUT_WITH_WEAK_PULLUP            ;        ;              ;         ; Column I/O ;                 ; no       ; On           ;
; A12      ; 416        ; 8A       ; RESERVED_INPUT_WITH_WEAK_PULLUP            ;        ;              ;         ; Column I/O ;                 ; no       ; On           ;
; A13      ; 415        ; 8A       ; RESERVED_INPUT_WITH_WEAK_PULLUP            ;        ;              ;         ; Column I/O ;                 ; no       ; On           ;
; A14      ; 413        ; 8A       ; RESERVED_INPUT_WITH_WEAK_PULLUP            ;        ;              ;         ; Column I/O ;                 ; no       ; On           ;
; A15      ; 423        ; 8A       ; RESERVED_INPUT_WITH_WEAK_PULLUP            ;        ;              ;         ; Column I/O ;                 ; no       ; On           ;
; A16      ; 421        ; 8A       ; RESERVED_INPUT_WITH_WEAK_PULLUP            ;        ;              ;         ; Column I/O ;                 ; no       ; On           ;
; A17      ; 428        ; 8A       ; RESERVED_INPUT_WITH_WEAK_PULLUP            ;        ;              ;         ; Column I/O ;                 ; no       ; On           ;
; A18      ; 426        ; 8A       ; RESERVED_INPUT_WITH_WEAK_PULLUP            ;        ;              ;         ; Column I/O ;                 ; no       ; On           ;
; A19      ;            ;          ; GND                                        ; gnd    ;              ;         ; --         ;                 ; --       ; --           ;
; A20      ;            ;          ; GND                                        ; gnd    ;              ;         ; --         ;                 ; --       ; --           ;
; B1       ; 339        ; 7A       ; RESERVED_INPUT_WITH_WEAK_PULLUP            ;        ;              ;         ; Column I/O ;                 ; no       ; On           ;
; B2       ;            ;          ; GND                                        ; gnd    ;              ;         ; --         ;                 ; --       ; --           ;
; B3       ;            ; 7A       ; VCCIO7A                                    ; power  ;              ; 2.5V    ; --         ;                 ; --       ; --           ;
; B4       ; 357        ; 7A       ; RESERVED_INPUT_WITH_WEAK_PULLUP            ;        ;              ;         ; Column I/O ;                 ; no       ; On           ;
; B5       ;            ;          ; GND                                        ; gnd    ;              ;         ; --         ;                 ; --       ; --           ;
; B6       ; 365        ; 7A       ; RESERVED_INPUT_WITH_WEAK_PULLUP            ;        ;              ;         ; Column I/O ;                 ; no       ; On           ;
; B7       ; 369        ; 7A       ; RESERVED_INPUT_WITH_WEAK_PULLUP            ;        ;              ;         ; Column I/O ;                 ; no       ; On           ;
; B8       ;            ;          ; GND                                        ; gnd    ;              ;         ; --         ;                 ; --       ; --           ;
; B9       ; 370        ; 7A       ; d_in[0]                                    ; input  ; 2.5 V        ;         ; Column I/O ; N               ; no       ; Off          ;
; B10      ; 366        ; 7A       ; RESERVED_INPUT_WITH_WEAK_PULLUP            ;        ;              ;         ; Column I/O ;                 ; no       ; On           ;
; B11      ;            ;          ; GND                                        ; gnd    ;              ;         ; --         ;                 ; --       ; --           ;
; B12      ; 409        ; 8A       ; RESERVED_INPUT_WITH_WEAK_PULLUP            ;        ;              ;         ; Column I/O ;                 ; no       ; On           ;
; B13      ; 414        ; 8A       ; RESERVED_INPUT_WITH_WEAK_PULLUP            ;        ;              ;         ; Column I/O ;                 ; no       ; On           ;
; B14      ;            ;          ; GND                                        ; gnd    ;              ;         ; --         ;                 ; --       ; --           ;
; B15      ; 424        ; 8A       ; RESERVED_INPUT_WITH_WEAK_PULLUP            ;        ;              ;         ; Column I/O ;                 ; no       ; On           ;
; B16      ; 429        ; 8C       ; #TDO                                       ; output ;              ;         ; --         ;                 ; --       ; --           ;
; B17      ;            ;          ; GND                                        ; gnd    ;              ;         ; --         ;                 ; --       ; --           ;
; B18      ;            ;          ; GND                                        ; gnd    ;              ;         ; --         ;                 ; --       ; --           ;
; B19      ; 21         ; QL0      ; GXB_NC                                     ;        ;              ;         ; --         ;                 ; --       ; --           ;
; B20      ; 20         ; QL0      ; GXB_NC                                     ;        ;              ;         ; --         ;                 ; --       ; --           ;
; C1       ; 331        ; 7A       ; RESERVED_INPUT_WITH_WEAK_PULLUP            ;        ;              ;         ; Column I/O ;                 ; no       ; On           ;
; C2       ; 329        ; 7A       ; RESERVED_INPUT_WITH_WEAK_PULLUP            ;        ;              ;         ; Column I/O ;                 ; no       ; On           ;
; C3       ; 332        ; 7A       ; RESERVED_INPUT_WITH_WEAK_PULLUP            ;        ;              ;         ; Column I/O ;                 ; no       ; On           ;
; C4       ; 335        ; 7A       ; RESERVED_INPUT_WITH_WEAK_PULLUP            ;        ;              ;         ; Column I/O ;                 ; no       ; On           ;
; C5       ; 333        ; 7A       ; RESERVED_INPUT_WITH_WEAK_PULLUP            ;        ;              ;         ; Column I/O ;                 ; no       ; On           ;
; C6       ; 360        ; 7A       ; RESERVED_INPUT_WITH_WEAK_PULLUP            ;        ;              ;         ; Column I/O ;                 ; no       ; On           ;
; C7       ; 358        ; 7A       ; RESERVED_INPUT_WITH_WEAK_PULLUP            ;        ;              ;         ; Column I/O ;                 ; no       ; On           ;
; C8       ; 364        ; 7A       ; RESERVED_INPUT_WITH_WEAK_PULLUP            ;        ;              ;         ; Column I/O ;                 ; no       ; On           ;
; C9       ; 362        ; 7A       ; RESERVED_INPUT_WITH_WEAK_PULLUP            ;        ;              ;         ; Column I/O ;                 ; no       ; On           ;
; C10      ; 375        ; 8A       ; GND+                                       ;        ;              ;         ; Column I/O ;                 ; --       ; --           ;
; C11      ;            ; 8A       ; VCCIO8A                                    ; power  ;              ; 2.5V    ; --         ;                 ; --       ; --           ;
; C12      ; 412        ; 8A       ; d_out                                      ; output ; 2.5 V        ;         ; Column I/O ; N               ; no       ; Off          ;
; C13      ; 419        ; 8A       ; RESERVED_INPUT_WITH_WEAK_PULLUP            ;        ;              ;         ; Column I/O ;                 ; no       ; On           ;
; C14      ; 417        ; 8A       ; RESERVED_INPUT_WITH_WEAK_PULLUP            ;        ;              ;         ; Column I/O ;                 ; no       ; On           ;
; C15      ; 422        ; 8A       ; RESERVED_INPUT_WITH_WEAK_PULLUP            ;        ;              ;         ; Column I/O ;                 ; no       ; On           ;
; C16      ; 430        ; 8C       ; ^ASDO                                      ;        ;              ;         ; --         ;                 ; --       ; --           ;
; C17      ; 433        ; 8C       ; #TDI                                       ; input  ;              ;         ; --         ;                 ; --       ; --           ;
; C18      ; 434        ; 8C       ; #TMS                                       ; input  ;              ;         ; --         ;                 ; --       ; --           ;
; C19      ;            ;          ; GND                                        ; gnd    ;              ;         ; --         ;                 ; --       ; --           ;
; C20      ;            ;          ; GND                                        ; gnd    ;              ;         ; --         ;                 ; --       ; --           ;
; D1       ; 327        ; 7A       ; RESERVED_INPUT_WITH_WEAK_PULLUP            ;        ;              ;         ; Column I/O ;                 ; no       ; On           ;
; D2       ; 325        ; 7A       ; RESERVED_INPUT_WITH_WEAK_PULLUP            ;        ;              ;         ; Column I/O ;                 ; no       ; On           ;
; D3       ; 330        ; 7A       ; RESERVED_INPUT_WITH_WEAK_PULLUP            ;        ;              ;         ; Column I/O ;                 ; no       ; On           ;
; D4       ; 305        ; 7A       ; RESERVED_INPUT_WITH_WEAK_PULLUP            ;        ;              ;         ; Column I/O ;                 ; no       ; On           ;
; D5       ;            ;          ; VCCA_PLL_2                                 ; power  ;              ; 2.5V    ; --         ;                 ; --       ; --           ;
; D6       ;            ;          ; DNU                                        ;        ;              ;         ; --         ;                 ; --       ; --           ;
; D7       ; 336        ; 7A       ; RESERVED_INPUT_WITH_WEAK_PULLUP            ;        ;              ;         ; Column I/O ;                 ; no       ; On           ;
; D8       ;            ; 7A       ; VCCIO7A                                    ; power  ;              ; 2.5V    ; --         ;                 ; --       ; --           ;
; D9       ; 376        ; 7A       ; GND+                                       ;        ;              ;         ; Column I/O ;                 ; --       ; --           ;
; D10      ; 373        ; 8A       ; GND+                                       ;        ;              ;         ; Column I/O ;                 ; --       ; --           ;
; D11      ; 410        ; 8A       ; enable                                     ; input  ; 2.5 V        ;         ; Column I/O ; N               ; no       ; Off          ;
; D12      ; 420        ; 8A       ; RESERVED_INPUT_WITH_WEAK_PULLUP            ;        ;              ;         ; Column I/O ;                 ; no       ; On           ;
; D13      ; 418        ; 8A       ; RESERVED_INPUT_WITH_WEAK_PULLUP            ;        ;              ;         ; Column I/O ;                 ; no       ; On           ;
; D14      ; 427        ; 8A       ; RESERVED_INPUT_WITH_WEAK_PULLUP            ;        ;              ;         ; Column I/O ;                 ; no       ; On           ;
; D15      ; 425        ; 8A       ; RESERVED_INPUT_WITH_WEAK_PULLUP            ;        ;              ;         ; Column I/O ;                 ; no       ; On           ;
; D16      ; 435        ; 8C       ; #TCK                                       ; input  ;              ;         ; --         ;                 ; --       ; --           ;
; D17      ;            ;          ; VCCA_PLL_1                                 ; power  ;              ; 2.5V    ; --         ;                 ; --       ; --           ;
; D18      ;            ; --       ; VCCH_GXB                                   ; power  ;              ; 1.5V    ; --         ;                 ; --       ; --           ;
; D19      ; 23         ; QL0      ; GXB_GND*                                   ;        ;              ;         ; --         ;                 ; --       ; --           ;
; D20      ; 22         ; QL0      ; GXB_GND*                                   ;        ;              ;         ; --         ;                 ; --       ; --           ;
; E1       ; 326        ; 7A       ; RESERVED_INPUT_WITH_WEAK_PULLUP            ;        ;              ;         ; Column I/O ;                 ; no       ; On           ;
; E2       ;            ;          ; GND                                        ; gnd    ;              ;         ; --         ;                 ; --       ; --           ;
; E3       ;            ; 7A       ; VCCIO7A                                    ; power  ;              ; 2.5V    ; --         ;                 ; --       ; --           ;
; E4       ; 307        ; 7A       ; RESERVED_INPUT_WITH_WEAK_PULLUP            ;        ;              ;         ; Column I/O ;                 ; no       ; On           ;
; E5       ;            ;          ; GND                                        ; gnd    ;              ;         ; --         ;                 ; --       ; --           ;
; E6       ;            ;          ; VCCD_PLL_2                                 ; power  ;              ; 0.9V    ; --         ;                 ; --       ; --           ;
; E7       ; 334        ; 7A       ; RESERVED_INPUT_WITH_WEAK_PULLUP            ;        ;              ;         ; Column I/O ;                 ; no       ; On           ;
; E8       ;            ;          ; GND                                        ; gnd    ;              ;         ; --         ;                 ; --       ; --           ;
; E9       ;            ; 7A       ; VREFB7AN0                                  ; power  ;              ;         ; --         ;                 ; --       ; --           ;
; E10      ; 374        ; 7A       ; GND+                                       ;        ;              ;         ; Column I/O ;                 ; --       ; --           ;
; E11      ;            ;          ; GND                                        ; gnd    ;              ;         ; --         ;                 ; --       ; --           ;
; E12      ;            ; 8A       ; VCCIO8A                                    ; power  ;              ; 2.5V    ; --         ;                 ; --       ; --           ;
; E13      ;            ; 8A       ; VREFB8AN0                                  ; power  ;              ;         ; --         ;                 ; --       ; --           ;
; E14      ;            ;          ; GND                                        ; gnd    ;              ;         ; --         ;                 ; --       ; --           ;
; E15      ;            ; 8C       ; VCCIO8C                                    ; power  ;              ; 2.5V    ; --         ;                 ; --       ; --           ;
; E16      ;            ;          ; VCCD_PLL_1                                 ; power  ;              ; 0.9V    ; --         ;                 ; --       ; --           ;
; E17      ;            ;          ; GND                                        ; gnd    ;              ;         ; --         ;                 ; --       ; --           ;
; E18      ; 431        ; 8C       ; ^nCSO                                      ;        ;              ;         ; --         ;                 ; --       ; --           ;
; E19      ;            ;          ; GND                                        ; gnd    ;              ;         ; --         ;                 ; --       ; --           ;
; E20      ;            ;          ; GND                                        ; gnd    ;              ;         ; --         ;                 ; --       ; --           ;
; F1       ; 328        ; 7A       ; RESERVED_INPUT_WITH_WEAK_PULLUP            ;        ;              ;         ; Column I/O ;                 ; no       ; On           ;
; F2       ; 308        ; 7A       ; RESERVED_INPUT_WITH_WEAK_PULLUP            ;        ;              ;         ; Column I/O ;                 ; no       ; On           ;
; F3       ; 306        ; 7A       ; RESERVED_INPUT_WITH_WEAK_PULLUP            ;        ;              ;         ; Column I/O ;                 ; no       ; On           ;
; F4       ; 301        ; 6A       ; RESERVED_INPUT_WITH_WEAK_PULLUP            ;        ;              ;         ; Row I/O    ;                 ; no       ; On           ;
; F5       ; 303        ; 6A       ; RESERVED_INPUT_WITH_WEAK_PULLUP            ;        ;              ;         ; Row I/O    ;                 ; no       ; On           ;
; F6       ; 295        ; 6A       ; RESERVED_INPUT_WITH_WEAK_PULLUP            ;        ;              ;         ; Row I/O    ;                 ; no       ; On           ;
; F8       ;            ; 7A       ; VCCPD7A                                    ; power  ;              ; 2.5V    ; --         ;                 ; --       ; --           ;
; F11      ;            ; --       ; VCCCB                                      ; power  ;              ; 1.5V    ; --         ;                 ; --       ; --           ;
; F12      ;            ; 8A       ; VCCPD8A                                    ; power  ;              ; 2.5V    ; --         ;                 ; --       ; --           ;
; F14      ;            ; 8C       ; VCCPD8C                                    ; power  ;              ; 2.5V    ; --         ;                 ; --       ; --           ;
; F16      ;            ; --       ; VCCBAT                                     ; power  ;              ; 2.5V    ; --         ;                 ; --       ; --           ;
; F17      ;            ;          ; DNU                                        ;        ;              ;         ; --         ;                 ; --       ; --           ;
; F18      ;            ;          ; GND                                        ; gnd    ;              ;         ; --         ;                 ; --       ; --           ;
; F19      ; 25         ; QL0      ; GXB_NC                                     ;        ;              ;         ; --         ;                 ; --       ; --           ;
; F20      ; 24         ; QL0      ; GXB_NC                                     ;        ;              ;         ; --         ;                 ; --       ; --           ;
; G1       ; 302        ; 6A       ; RESERVED_INPUT_WITH_WEAK_PULLUP            ;        ;              ;         ; Row I/O    ;                 ; no       ; On           ;
; G2       ; 304        ; 6A       ; RESERVED_INPUT_WITH_WEAK_PULLUP            ;        ;              ;         ; Row I/O    ;                 ; no       ; On           ;
; G3       ; 289        ; 6A       ; RESERVED_INPUT_WITH_WEAK_PULLUP            ;        ;              ;         ; Row I/O    ;                 ; no       ; On           ;
; G4       ; 291        ; 6A       ; RESERVED_INPUT_WITH_WEAK_PULLUP            ;        ;              ;         ; Row I/O    ;                 ; no       ; On           ;
; G5       ;            ; 6A       ; VREFB6AN0                                  ; power  ;              ;         ; --         ;                 ; --       ; --           ;
; G6       ; 293        ; 6A       ; RESERVED_INPUT_WITH_WEAK_PULLUP            ;        ;              ;         ; Row I/O    ;                 ; no       ; On           ;
; G11      ;            ;          ; GND                                        ; gnd    ;              ;         ; --         ;                 ; --       ; --           ;
; G17      ; 432        ; 8C       ; ^DATA0                                     ; input  ;              ;         ; --         ;                 ; --       ; --           ;
; G18      ;            ; --       ; VCCA                                       ; power  ;              ; 2.5V    ; --         ;                 ; --       ; --           ;
; G19      ;            ;          ; GND                                        ; gnd    ;              ;         ; --         ;                 ; --       ; --           ;
; G20      ;            ;          ; GND                                        ; gnd    ;              ;         ; --         ;                 ; --       ; --           ;
; H1       ; 297        ; 6A       ; RESERVED_INPUT_WITH_WEAK_PULLUP            ;        ;              ;         ; Row I/O    ;                 ; no       ; On           ;
; H2       ;            ;          ; GND                                        ; gnd    ;              ;         ; --         ;                 ; --       ; --           ;
; H3       ; 296        ; 6A       ; RESERVED_INPUT_WITH_WEAK_PULLUP            ;        ;              ;         ; Row I/O    ;                 ; no       ; On           ;
; H4       ;            ; 6A       ; VCCIO6A                                    ; power  ;              ; 2.5V    ; --         ;                 ; --       ; --           ;
; H5       ;            ;          ; GND                                        ; gnd    ;              ;         ; --         ;                 ; --       ; --           ;
; H6       ;            ; 6A       ; VCCPD6A                                    ; power  ;              ; 2.5V    ; --         ;                 ; --       ; --           ;
; H8       ;            ;          ; GND                                        ; gnd    ;              ;         ; --         ;                 ; --       ; --           ;
; H9       ;            ; --       ; VCC                                        ; power  ;              ; 0.9V    ; --         ;                 ; --       ; --           ;
; H10      ;            ;          ; GND                                        ; gnd    ;              ;         ; --         ;                 ; --       ; --           ;
; H11      ;            ; --       ; VCC                                        ; power  ;              ; 0.9V    ; --         ;                 ; --       ; --           ;
; H12      ;            ;          ; GND                                        ; gnd    ;              ;         ; --         ;                 ; --       ; --           ;
; H13      ;            ; --       ; VCC                                        ; power  ;              ; 0.9V    ; --         ;                 ; --       ; --           ;
; H14      ;            ;          ; GND                                        ; gnd    ;              ;         ; --         ;                 ; --       ; --           ;
; H15      ;            ; --       ; VCC                                        ; power  ;              ; 0.9V    ; --         ;                 ; --       ; --           ;
; H17      ;            ;          ; GND                                        ; gnd    ;              ;         ; --         ;                 ; --       ; --           ;
; H18      ;            ;          ; GND                                        ; gnd    ;              ;         ; --         ;                 ; --       ; --           ;
; H19      ; 27         ; QL0      ; GXB_GND*                                   ;        ;              ;         ; --         ;                 ; --       ; --           ;
; H20      ; 26         ; QL0      ; GXB_GND*                                   ;        ;              ;         ; --         ;                 ; --       ; --           ;
; J1       ; 300        ; 6A       ; RESERVED_INPUT_WITH_WEAK_PULLUP            ;        ;              ;         ; Row I/O    ;                 ; no       ; On           ;
; J2       ; 299        ; 6A       ; RESERVED_INPUT_WITH_WEAK_PULLUP            ;        ;              ;         ; Row I/O    ;                 ; no       ; On           ;
; J3       ; 294        ; 6A       ; RESERVED_INPUT_WITH_WEAK_PULLUP            ;        ;              ;         ; Row I/O    ;                 ; no       ; On           ;
; J4       ; 290        ; 6A       ; RESERVED_INPUT_WITH_WEAK_PULLUP            ;        ;              ;         ; Row I/O    ;                 ; no       ; On           ;
; J5       ; 292        ; 6A       ; RESERVED_INPUT_WITH_WEAK_PULLUP            ;        ;              ;         ; Row I/O    ;                 ; no       ; On           ;
; J8       ;            ; --       ; VCC                                        ; power  ;              ; 0.9V    ; --         ;                 ; --       ; --           ;
; J9       ;            ;          ; GND                                        ; gnd    ;              ;         ; --         ;                 ; --       ; --           ;
; J10      ;            ; --       ; VCC                                        ; power  ;              ; 0.9V    ; --         ;                 ; --       ; --           ;
; J11      ;            ;          ; GND                                        ; gnd    ;              ;         ; --         ;                 ; --       ; --           ;
; J12      ;            ; --       ; VCC                                        ; power  ;              ; 0.9V    ; --         ;                 ; --       ; --           ;
; J13      ;            ;          ; GND                                        ; gnd    ;              ;         ; --         ;                 ; --       ; --           ;
; J14      ;            ; --       ; VCC                                        ; power  ;              ; 0.9V    ; --         ;                 ; --       ; --           ;
; J15      ;            ;          ; GND                                        ; gnd    ;              ;         ; --         ;                 ; --       ; --           ;
; J17      ;            ;          ; GND                                        ; gnd    ;              ;         ; --         ;                 ; --       ; --           ;
; J18      ;            ; --       ; VCCL_GXB                                   ; power  ;              ; 1.1V    ; --         ;                 ; --       ; --           ;
; J19      ;            ;          ; GND                                        ; gnd    ;              ;         ; --         ;                 ; --       ; --           ;
; J20      ;            ;          ; GND                                        ; gnd    ;              ;         ; --         ;                 ; --       ; --           ;
; K1       ; 298        ; 6A       ; RESERVED_INPUT_WITH_WEAK_PULLUP            ;        ;              ;         ; Row I/O    ;                 ; no       ; On           ;
; K2       ;            ;          ; GND                                        ; gnd    ;              ;         ; --         ;                 ; --       ; --           ;
; K3       ; 238        ; 6A       ; GND+                                       ;        ;              ;         ; Row I/O    ;                 ; --       ; --           ;
; K4       ; 240        ; 6A       ; GND+                                       ;        ;              ;         ; Row I/O    ;                 ; --       ; --           ;
; K5       ;            ;          ; GND                                        ; gnd    ;              ;         ; --         ;                 ; --       ; --           ;
; K6       ;            ; --       ; VCCCB                                      ; power  ;              ; 1.5V    ; --         ;                 ; --       ; --           ;
; K8       ;            ;          ; GND                                        ; gnd    ;              ;         ; --         ;                 ; --       ; --           ;
; K9       ;            ; --       ; VCC                                        ; power  ;              ; 0.9V    ; --         ;                 ; --       ; --           ;
; K10      ;            ;          ; GND                                        ; gnd    ;              ;         ; --         ;                 ; --       ; --           ;
; K11      ;            ; --       ; VCC                                        ; power  ;              ; 0.9V    ; --         ;                 ; --       ; --           ;
; K12      ;            ;          ; GND                                        ; gnd    ;              ;         ; --         ;                 ; --       ; --           ;
; K13      ;            ; --       ; VCC                                        ; power  ;              ; 0.9V    ; --         ;                 ; --       ; --           ;
; K14      ;            ;          ; GND                                        ; gnd    ;              ;         ; --         ;                 ; --       ; --           ;
; K15      ;            ; --       ; VCC                                        ; power  ;              ; 0.9V    ; --         ;                 ; --       ; --           ;
; K17      ; 436        ; 8C       ; ^DCLK                                      ; bidir  ;              ;         ; --         ;                 ; --       ; --           ;
; K18      ; 48         ; 3C       ; ^nCE                                       ;        ;              ;         ; --         ;                 ; --       ; --           ;
; K19      ; 29         ; QL0      ; GXB_GND*                                   ;        ;              ;         ; Row I/O    ;                 ; --       ; --           ;
; K20      ; 28         ; QL0      ; GXB_GND*                                   ;        ;              ;         ; Row I/O    ;                 ; --       ; --           ;
; L1       ; 237        ; 5A       ; GND+                                       ;        ;              ;         ; Row I/O    ;                 ; --       ; --           ;
; L2       ; 239        ; 5A       ; GND+                                       ;        ;              ;         ; Row I/O    ;                 ; --       ; --           ;
; L3       ; 186        ; 5A       ; RESERVED_INPUT_WITH_WEAK_PULLUP            ;        ;              ;         ; Row I/O    ;                 ; no       ; On           ;
; L4       ; 188        ; 5A       ; RESERVED_INPUT_WITH_WEAK_PULLUP            ;        ;              ;         ; Row I/O    ;                 ; no       ; On           ;
; L5       ; 183        ; 5A       ; RESERVED_INPUT_WITH_WEAK_PULLUP            ;        ;              ;         ; Row I/O    ;                 ; no       ; On           ;
; L8       ;            ; --       ; VCC                                        ; power  ;              ; 0.9V    ; --         ;                 ; --       ; --           ;
; L9       ;            ;          ; GND                                        ; gnd    ;              ;         ; --         ;                 ; --       ; --           ;
; L10      ;            ; --       ; VCC                                        ; power  ;              ; 0.9V    ; --         ;                 ; --       ; --           ;
; L11      ;            ;          ; DNU                                        ;        ;              ;         ; --         ;                 ; --       ; --           ;
; L12      ;            ; --       ; VCC                                        ; power  ;              ; 0.9V    ; --         ;                 ; --       ; --           ;
; L13      ;            ;          ; GND                                        ; gnd    ;              ;         ; --         ;                 ; --       ; --           ;
; L14      ;            ; --       ; VCC                                        ; power  ;              ; 0.9V    ; --         ;                 ; --       ; --           ;
; L15      ;            ;          ; GND                                        ; gnd    ;              ;         ; --         ;                 ; --       ; --           ;
; L17      ; 47         ; 3C       ; ^nIO_PULLUP                                ;        ;              ;         ; --         ;                 ; --       ; --           ;
; L18      ;            ;          ; GND                                        ; gnd    ;              ;         ; --         ;                 ; --       ; --           ;
; L19      ;            ; --       ; VCCL_GXB                                   ; power  ;              ; 1.1V    ; --         ;                 ; --       ; --           ;
; L20      ;            ;          ; GND                                        ; gnd    ;              ;         ; --         ;                 ; --       ; --           ;
; M1       ; 178        ; 5A       ; RESERVED_INPUT_WITH_WEAK_PULLUP            ;        ;              ;         ; Row I/O    ;                 ; no       ; On           ;
; M2       ; 180        ; 5A       ; RESERVED_INPUT_WITH_WEAK_PULLUP            ;        ;              ;         ; Row I/O    ;                 ; no       ; On           ;
; M3       ; 184        ; 5A       ; RESERVED_INPUT_WITH_WEAK_PULLUP            ;        ;              ;         ; Row I/O    ;                 ; no       ; On           ;
; M4       ; 181        ; 5A       ; RESERVED_INPUT_WITH_WEAK_PULLUP            ;        ;              ;         ; Row I/O    ;                 ; no       ; On           ;
; M5       ; 187        ; 5A       ; RESERVED_INPUT_WITH_WEAK_PULLUP            ;        ;              ;         ; Row I/O    ;                 ; no       ; On           ;
; M8       ;            ;          ; GND                                        ; gnd    ;              ;         ; --         ;                 ; --       ; --           ;
; M9       ;            ; --       ; VCC                                        ; power  ;              ; 0.9V    ; --         ;                 ; --       ; --           ;
; M10      ;            ;          ; GND                                        ; gnd    ;              ;         ; --         ;                 ; --       ; --           ;
; M11      ;            ; --       ; VCC                                        ; power  ;              ; 0.9V    ; --         ;                 ; --       ; --           ;
; M12      ;            ;          ; GND                                        ; gnd    ;              ;         ; --         ;                 ; --       ; --           ;
; M13      ;            ; --       ; VCC                                        ; power  ;              ; 0.9V    ; --         ;                 ; --       ; --           ;
; M14      ;            ;          ; GND                                        ; gnd    ;              ;         ; --         ;                 ; --       ; --           ;
; M15      ;            ; --       ; VCC                                        ; power  ;              ; 0.9V    ; --         ;                 ; --       ; --           ;
; M17      ; 40         ; 3C       ; ^nCONFIG                                   ;        ;              ;         ; --         ;                 ; --       ; --           ;
; M18      ;            ; --       ; VCCL_GXB                                   ; power  ;              ; 1.1V    ; --         ;                 ; --       ; --           ;
; M19      ; 31         ; QL0      ; GXB_GND*                                   ;        ;              ;         ; Row I/O    ;                 ; --       ; --           ;
; M20      ; 30         ; QL0      ; GXB_GND*                                   ;        ;              ;         ; Row I/O    ;                 ; --       ; --           ;
; N1       ; 176        ; 5A       ; RESERVED_INPUT_WITH_WEAK_PULLUP            ;        ;              ;         ; Row I/O    ;                 ; no       ; On           ;
; N2       ;            ;          ; GND                                        ; gnd    ;              ;         ; --         ;                 ; --       ; --           ;
; N3       ; 182        ; 5A       ; RESERVED_INPUT_WITH_WEAK_PULLUP            ;        ;              ;         ; Row I/O    ;                 ; no       ; On           ;
; N4       ; 185        ; 5A       ; RESERVED_INPUT_WITH_WEAK_PULLUP            ;        ;              ;         ; Row I/O    ;                 ; no       ; On           ;
; N5       ;            ;          ; GND                                        ; gnd    ;              ;         ; --         ;                 ; --       ; --           ;
; N6       ;            ; 5A       ; VCCPD5A                                    ; power  ;              ; 2.5V    ; --         ;                 ; --       ; --           ;
; N8       ;            ; --       ; VCC                                        ; power  ;              ; 0.9V    ; --         ;                 ; --       ; --           ;
; N9       ;            ;          ; GND                                        ; gnd    ;              ;         ; --         ;                 ; --       ; --           ;
; N10      ;            ; --       ; VCC                                        ; power  ;              ; 0.9V    ; --         ;                 ; --       ; --           ;
; N11      ;            ;          ; GND                                        ; gnd    ;              ;         ; --         ;                 ; --       ; --           ;
; N12      ;            ; --       ; VCC                                        ; power  ;              ; 0.9V    ; --         ;                 ; --       ; --           ;
; N13      ;            ;          ; GND                                        ; gnd    ;              ;         ; --         ;                 ; --       ; --           ;
; N14      ;            ; --       ; VCC                                        ; power  ;              ; 0.9V    ; --         ;                 ; --       ; --           ;
; N15      ;            ;          ; GND                                        ; gnd    ;              ;         ; --         ;                 ; --       ; --           ;
; N17      ; 41         ; 3C       ; ^CONF_DONE                                 ;        ;              ;         ; --         ;                 ; --       ; --           ;
; N18      ;            ;          ; GND                                        ; gnd    ;              ;         ; --         ;                 ; --       ; --           ;
; N19      ;            ;          ; GND                                        ; gnd    ;              ;         ; --         ;                 ; --       ; --           ;
; N20      ;            ;          ; GND                                        ; gnd    ;              ;         ; --         ;                 ; --       ; --           ;
; P1       ; 174        ; 5A       ; RESERVED_INPUT_WITH_WEAK_PULLUP            ;        ;              ;         ; Row I/O    ;                 ; no       ; On           ;
; P2       ; 175        ; 5A       ; RESERVED_INPUT_WITH_WEAK_PULLUP            ;        ;              ;         ; Row I/O    ;                 ; no       ; On           ;
; P3       ; 152        ; 4A       ; RESERVED_INPUT_WITH_WEAK_PULLUP            ;        ;              ;         ; Column I/O ;                 ; no       ; On           ;
; P4       ; 172        ; 4A       ; RESERVED_INPUT_WITH_WEAK_PULLUP            ;        ;              ;         ; Column I/O ;                 ; no       ; On           ;
; P5       ;            ; 5A       ; VCCIO5A                                    ; power  ;              ; 2.5V    ; --         ;                 ; --       ; --           ;
; P6       ; 143        ; 4A       ; RESERVED_INPUT_WITH_WEAK_PULLUP            ;        ;              ;         ; Column I/O ;                 ; no       ; On           ;
; P11      ;            ; --       ; VCC                                        ; power  ;              ; 0.9V    ; --         ;                 ; --       ; --           ;
; P12      ;            ;          ; GND                                        ; gnd    ;              ;         ; --         ;                 ; --       ; --           ;
; P17      ; 44         ; 3C       ; ^MSEL1                                     ;        ;              ;         ; --         ;                 ; --       ; --           ;
; P18      ;            ; --       ; VCCA                                       ; power  ;              ; 2.5V    ; --         ;                 ; --       ; --           ;
; P19      ; 33         ; QL0      ; GXB_NC                                     ;        ;              ;         ; --         ;                 ; --       ; --           ;
; P20      ; 32         ; QL0      ; GXB_NC                                     ;        ;              ;         ; --         ;                 ; --       ; --           ;
; R1       ; 173        ; 5A       ; RESERVED_INPUT_WITH_WEAK_PULLUP            ;        ;              ;         ; Row I/O    ;                 ; no       ; On           ;
; R2       ; 179        ; 5A       ; RESERVED_INPUT_WITH_WEAK_PULLUP            ;        ;              ;         ; Row I/O    ;                 ; no       ; On           ;
; R3       ; 150        ; 4A       ; RESERVED_INPUT_WITH_WEAK_PULLUP            ;        ;              ;         ; Column I/O ;                 ; no       ; On           ;
; R4       ; 170        ; 4A       ; RESERVED_INPUT_WITH_WEAK_PULLUP            ;        ;              ;         ; Column I/O ;                 ; no       ; On           ;
; R5       ;            ; 5A       ; VREFB5AN0                                  ; power  ;              ;         ; --         ;                 ; --       ; --           ;
; R6       ; 141        ; 4A       ; RESERVED_INPUT_WITH_WEAK_PULLUP            ;        ;              ;         ; Column I/O ;                 ; no       ; On           ;
; R8       ;            ; 4A       ; VCCPD4A                                    ; power  ;              ; 2.5V    ; --         ;                 ; --       ; --           ;
; R11      ;            ; --       ; VCCCB                                      ; power  ;              ; 1.5V    ; --         ;                 ; --       ; --           ;
; R12      ;            ; 3A       ; VCCPD3A                                    ; power  ;              ; 2.5V    ; --         ;                 ; --       ; --           ;
; R14      ;            ; 3C       ; VCCPD3C                                    ; power  ;              ; 2.5V    ; --         ;                 ; --       ; --           ;
; R16      ; 43         ; 3C       ; ^MSEL2                                     ;        ;              ;         ; --         ;                 ; --       ; --           ;
; R17      ;            ;          ; GND                                        ; gnd    ;              ;         ; --         ;                 ; --       ; --           ;
; R18      ; 45         ; 3C       ; ^MSEL0                                     ;        ;              ;         ; --         ;                 ; --       ; --           ;
; R19      ;            ;          ; GND                                        ; gnd    ;              ;         ; --         ;                 ; --       ; --           ;
; R20      ;            ;          ; GND                                        ; gnd    ;              ;         ; --         ;                 ; --       ; --           ;
; T1       ; 177        ; 5A       ; RESERVED_INPUT_WITH_WEAK_PULLUP            ;        ;              ;         ; Row I/O    ;                 ; no       ; On           ;
; T2       ;            ;          ; GND                                        ; gnd    ;              ;         ; --         ;                 ; --       ; --           ;
; T3       ;            ; 4A       ; VCCIO4A                                    ; power  ;              ; 2.5V    ; --         ;                 ; --       ; --           ;
; T4       ; 171        ; 4A       ; RESERVED_INPUT_WITH_WEAK_PULLUP            ;        ;              ;         ; Column I/O ;                 ; no       ; On           ;
; T5       ;            ;          ; GND                                        ; gnd    ;              ;         ; --         ;                 ; --       ; --           ;
; T6       ;            ;          ; VCCD_PLL_3                                 ; power  ;              ; 0.9V    ; --         ;                 ; --       ; --           ;
; T7       ; 151        ; 4A       ; RESERVED_INPUT_WITH_WEAK_PULLUP            ;        ;              ;         ; Column I/O ;                 ; no       ; On           ;
; T8       ;            ;          ; GND                                        ; gnd    ;              ;         ; --         ;                 ; --       ; --           ;
; T9       ;            ; 4A       ; VREFB4AN0                                  ; power  ;              ;         ; --         ;                 ; --       ; --           ;
; T10      ; 103        ; 3A       ; clk                                        ; input  ; 2.5 V        ;         ; Column I/O ; N               ; no       ; Off          ;
; T11      ;            ;          ; GND                                        ; gnd    ;              ;         ; --         ;                 ; --       ; --           ;
; T12      ;            ; 3A       ; VCCIO3A                                    ; power  ;              ; 2.5V    ; --         ;                 ; --       ; --           ;
; T13      ;            ; 3A       ; VREFB3AN0                                  ; power  ;              ;         ; --         ;                 ; --       ; --           ;
; T14      ;            ;          ; GND                                        ; gnd    ;              ;         ; --         ;                 ; --       ; --           ;
; T15      ;            ; 3C       ; VCCIO3C                                    ; power  ;              ; 2.5V    ; --         ;                 ; --       ; --           ;
; T16      ;            ;          ; VCCD_PLL_4                                 ; power  ;              ; 0.9V    ; --         ;                 ; --       ; --           ;
; T17      ;            ;          ; GND                                        ; gnd    ;              ;         ; --         ;                 ; --       ; --           ;
; T18      ;            ; --       ; VCCH_GXB                                   ; power  ;              ; 1.5V    ; --         ;                 ; --       ; --           ;
; T19      ; 35         ; QL0      ; GXB_GND*                                   ;        ;              ;         ; --         ;                 ; --       ; --           ;
; T20      ; 34         ; QL0      ; GXB_GND*                                   ;        ;              ;         ; --         ;                 ; --       ; --           ;
; U1       ; 146        ; 4A       ; RESERVED_INPUT_WITH_WEAK_PULLUP            ;        ;              ;         ; Column I/O ;                 ; no       ; On           ;
; U2       ; 148        ; 4A       ; RESERVED_INPUT_WITH_WEAK_PULLUP            ;        ;              ;         ; Column I/O ;                 ; no       ; On           ;
; U3       ; 147        ; 4A       ; RESERVED_INPUT_WITH_WEAK_PULLUP            ;        ;              ;         ; Column I/O ;                 ; no       ; On           ;
; U4       ; 169        ; 4A       ; RESERVED_INPUT_WITH_WEAK_PULLUP            ;        ;              ;         ; Column I/O ;                 ; no       ; On           ;
; U5       ;            ;          ; VCCA_PLL_3                                 ; power  ;              ; 2.5V    ; --         ;                 ; --       ; --           ;
; U6       ; 149        ; 4A       ; RESERVED_INPUT_WITH_WEAK_PULLUP            ;        ;              ;         ; Column I/O ;                 ; no       ; On           ;
; U7       ; 111        ; 4A       ; RESERVED_INPUT_WITH_WEAK_PULLUP            ;        ;              ;         ; Column I/O ;                 ; no       ; On           ;
; U8       ;            ; 4A       ; VCCIO4A                                    ; power  ;              ; 2.5V    ; --         ;                 ; --       ; --           ;
; U9       ; 119        ; 4A       ; RESERVED_INPUT_WITH_WEAK_PULLUP            ;        ;              ;         ; Column I/O ;                 ; no       ; On           ;
; U10      ; 101        ; 3A       ; rst                                        ; input  ; 2.5 V        ;         ; Column I/O ; N               ; no       ; Off          ;
; U11      ; 67         ; 3A       ; RESERVED_INPUT_WITH_WEAK_PULLUP            ;        ;              ;         ; Column I/O ;                 ; no       ; On           ;
; U12      ; 65         ; 3A       ; RESERVED_INPUT_WITH_WEAK_PULLUP            ;        ;              ;         ; Column I/O ;                 ; no       ; On           ;
; U13      ; 64         ; 3A       ; RESERVED_INPUT_WITH_WEAK_PULLUP            ;        ;              ;         ; Column I/O ;                 ; no       ; On           ;
; U14      ; 59         ; 3A       ; RESERVED_INPUT_WITH_WEAK_PULLUP            ;        ;              ;         ; Column I/O ;                 ; no       ; On           ;
; U15      ; 57         ; 3A       ; RESERVED_INPUT_WITH_WEAK_PULLUP            ;        ;              ;         ; Column I/O ;                 ; no       ; On           ;
; U16      ; 42         ; 3C       ; ^MSEL3                                     ;        ;              ;         ; --         ;                 ; --       ; --           ;
; U17      ;            ;          ; VCCA_PLL_4                                 ; power  ;              ; 2.5V    ; --         ;                 ; --       ; --           ;
; U18      ;            ;          ; NC                                         ;        ;              ;         ; --         ;                 ; --       ; --           ;
; U19      ;            ;          ; GND                                        ; gnd    ;              ;         ; --         ;                 ; --       ; --           ;
; U20      ;            ;          ; GND                                        ; gnd    ;              ;         ; --         ;                 ; --       ; --           ;
; V1       ; 142        ; 4A       ; RESERVED_INPUT_WITH_WEAK_PULLUP            ;        ;              ;         ; Column I/O ;                 ; no       ; On           ;
; V2       ; 144        ; 4A       ; RESERVED_INPUT_WITH_WEAK_PULLUP            ;        ;              ;         ; Column I/O ;                 ; no       ; On           ;
; V3       ; 145        ; 4A       ; RESERVED_INPUT_WITH_WEAK_PULLUP            ;        ;              ;         ; Column I/O ;                 ; no       ; On           ;
; V4       ; 140        ; 4A       ; RESERVED_INPUT_WITH_WEAK_PULLUP            ;        ;              ;         ; Column I/O ;                 ; no       ; On           ;
; V5       ; 139        ; 4A       ; RESERVED_INPUT_WITH_WEAK_PULLUP            ;        ;              ;         ; Column I/O ;                 ; no       ; On           ;
; V6       ; 137        ; 4A       ; RESERVED_INPUT_WITH_WEAK_PULLUP            ;        ;              ;         ; Column I/O ;                 ; no       ; On           ;
; V7       ; 109        ; 4A       ; RESERVED_INPUT_WITH_WEAK_PULLUP            ;        ;              ;         ; Column I/O ;                 ; no       ; On           ;
; V8       ; 117        ; 4A       ; RESERVED_INPUT_WITH_WEAK_PULLUP            ;        ;              ;         ; Column I/O ;                 ; no       ; On           ;
; V9       ; 107        ; 4A       ; RESERVED_INPUT_WITH_WEAK_PULLUP            ;        ;              ;         ; Column I/O ;                 ; no       ; On           ;
; V10      ; 105        ; 4A       ; RESERVED_INPUT_WITH_WEAK_PULLUP            ;        ;              ;         ; Column I/O ;                 ; no       ; On           ;
; V11      ;            ; 3A       ; VCCIO3A                                    ; power  ;              ; 2.5V    ; --         ;                 ; --       ; --           ;
; V12      ; 62         ; 3A       ; RESERVED_INPUT_WITH_WEAK_PULLUP            ;        ;              ;         ; Column I/O ;                 ; no       ; On           ;
; V13      ; 55         ; 3A       ; RESERVED_INPUT_WITH_WEAK_PULLUP            ;        ;              ;         ; Column I/O ;                 ; no       ; On           ;
; V14      ; 53         ; 3A       ; RESERVED_INPUT_WITH_WEAK_PULLUP            ;        ;              ;         ; Column I/O ;                 ; no       ; On           ;
; V15      ; 51         ; 3A       ; RESERVED_INPUT_WITH_WEAK_PULLUP            ;        ;              ;         ; Column I/O ;                 ; no       ; On           ;
; V16      ; 46         ; 3C       ; ^nSTATUS                                   ;        ;              ;         ; --         ;                 ; --       ; --           ;
; V17      ;            ;          ; GND                                        ; gnd    ;              ;         ; --         ;                 ; --       ; --           ;
; V18      ;            ;          ; NC                                         ;        ;              ;         ; --         ;                 ; --       ; --           ;
; V19      ; 37         ; QL0      ; GXB_NC                                     ;        ;              ;         ; --         ;                 ; --       ; --           ;
; V20      ; 36         ; QL0      ; GXB_NC                                     ;        ;              ;         ; --         ;                 ; --       ; --           ;
; W1       ; 120        ; 4A       ; RESERVED_INPUT_WITH_WEAK_PULLUP            ;        ;              ;         ; Column I/O ;                 ; no       ; On           ;
; W2       ;            ;          ; GND                                        ; gnd    ;              ;         ; --         ;                 ; --       ; --           ;
; W3       ;            ; 4A       ; VCCIO4A                                    ; power  ;              ; 2.5V    ; --         ;                 ; --       ; --           ;
; W4       ; 138        ; 4A       ; RESERVED_INPUT_WITH_WEAK_PULLUP            ;        ;              ;         ; Column I/O ;                 ; no       ; On           ;
; W5       ;            ;          ; GND                                        ; gnd    ;              ;         ; --         ;                 ; --       ; --           ;
; W6       ; 112        ; 4A       ; RESERVED_INPUT_WITH_WEAK_PULLUP            ;        ;              ;         ; Column I/O ;                 ; no       ; On           ;
; W7       ; 108        ; 4A       ; RESERVED_INPUT_WITH_WEAK_PULLUP            ;        ;              ;         ; Column I/O ;                 ; no       ; On           ;
; W8       ;            ;          ; GND                                        ; gnd    ;              ;         ; --         ;                 ; --       ; --           ;
; W9       ; 104        ; 4A       ; GND+                                       ;        ;              ;         ; Column I/O ;                 ; --       ; --           ;
; W10      ; 68         ; 3A       ; RESERVED_INPUT_WITH_WEAK_PULLUP            ;        ;              ;         ; Column I/O ;                 ; no       ; On           ;
; W11      ;            ;          ; GND                                        ; gnd    ;              ;         ; --         ;                 ; --       ; --           ;
; W12      ; 60         ; 3A       ; ~ALTERA_nCEO~ / RESERVED_OUTPUT_OPEN_DRAIN ; output ; 2.5 V        ;         ; Column I/O ; N               ; no       ; Off          ;
; W13      ; 56         ; 3A       ; RESERVED_INPUT_WITH_WEAK_PULLUP            ;        ;              ;         ; Column I/O ;                 ; no       ; On           ;
; W14      ;            ;          ; GND                                        ; gnd    ;              ;         ; --         ;                 ; --       ; --           ;
; W15      ; 49         ; 3A       ; RESERVED_INPUT_WITH_WEAK_PULLUP            ;        ;              ;         ; Column I/O ;                 ; no       ; On           ;
; W16      ;            ;          ; GND                                        ; gnd    ;              ;         ; --         ;                 ; --       ; --           ;
; W17      ; 39         ; QL0      ; GXB_GND*                                   ;        ;              ;         ; --         ;                 ; --       ; --           ;
; W18      ;            ;          ; GND                                        ; gnd    ;              ;         ; --         ;                 ; --       ; --           ;
; W19      ;            ;          ; GND                                        ; gnd    ;              ;         ; --         ;                 ; --       ; --           ;
; W20      ;            ;          ; GND                                        ; gnd    ;              ;         ; --         ;                 ; --       ; --           ;
; Y1       ; 118        ; 4A       ; RESERVED_INPUT_WITH_WEAK_PULLUP            ;        ;              ;         ; Column I/O ;                 ; no       ; On           ;
; Y2       ; 115        ; 4A       ; RESERVED_INPUT_WITH_WEAK_PULLUP            ;        ;              ;         ; Column I/O ;                 ; no       ; On           ;
; Y3       ; 113        ; 4A       ; RESERVED_INPUT_WITH_WEAK_PULLUP            ;        ;              ;         ; Column I/O ;                 ; no       ; On           ;
; Y4       ; 116        ; 4A       ; RESERVED_INPUT_WITH_WEAK_PULLUP            ;        ;              ;         ; Column I/O ;                 ; no       ; On           ;
; Y5       ; 114        ; 4A       ; RESERVED_INPUT_WITH_WEAK_PULLUP            ;        ;              ;         ; Column I/O ;                 ; no       ; On           ;
; Y6       ; 110        ; 4A       ; RESERVED_INPUT_WITH_WEAK_PULLUP            ;        ;              ;         ; Column I/O ;                 ; no       ; On           ;
; Y7       ; 106        ; 4A       ; RESERVED_INPUT_WITH_WEAK_PULLUP            ;        ;              ;         ; Column I/O ;                 ; no       ; On           ;
; Y8       ; 102        ; 4A       ; GND+                                       ;        ;              ;         ; Column I/O ;                 ; --       ; --           ;
; Y9       ; 66         ; 3A       ; RESERVED_INPUT_WITH_WEAK_PULLUP            ;        ;              ;         ; Column I/O ;                 ; no       ; On           ;
; Y10      ; 63         ; 3A       ; RESERVED_INPUT_WITH_WEAK_PULLUP            ;        ;              ;         ; Column I/O ;                 ; no       ; On           ;
; Y11      ; 61         ; 3A       ; RESERVED_INPUT_WITH_WEAK_PULLUP            ;        ;              ;         ; Column I/O ;                 ; no       ; On           ;
; Y12      ; 58         ; 3A       ; RESERVED_INPUT_WITH_WEAK_PULLUP            ;        ;              ;         ; Column I/O ;                 ; no       ; On           ;
; Y13      ; 54         ; 3A       ; RESERVED_INPUT_WITH_WEAK_PULLUP            ;        ;              ;         ; Column I/O ;                 ; no       ; On           ;
; Y14      ; 52         ; 3A       ; RESERVED_INPUT_WITH_WEAK_PULLUP            ;        ;              ;         ; Column I/O ;                 ; no       ; On           ;
; Y15      ; 50         ; 3A       ; RESERVED_INPUT_WITH_WEAK_PULLUP            ;        ;              ;         ; Column I/O ;                 ; no       ; On           ;
; Y16      ;            ;          ; GND                                        ; gnd    ;              ;         ; --         ;                 ; --       ; --           ;
; Y17      ; 38         ; QL0      ; GXB_GND*                                   ;        ;              ;         ; --         ;                 ; --       ; --           ;
; Y18      ;            ;          ; GND                                        ; gnd    ;              ;         ; --         ;                 ; --       ; --           ;
; Y19      ;            ;          ; RREF                                       ;        ;              ;         ; --         ;                 ; --       ; --           ;
; Y20      ;            ;          ; GND                                        ; gnd    ;              ;         ; --         ;                 ; --       ; --           ;
+----------+------------+----------+--------------------------------------------+--------+--------------+---------+------------+-----------------+----------+--------------+
Note: Pin directions (input, output or bidir) are based on device operating in user mode.


+------------------------------------------+
; I/O Assignment Warnings                  ;
+----------+-------------------------------+
; Pin Name ; Reason                        ;
+----------+-------------------------------+
; d_out    ; Incomplete set of assignments ;
; clk      ; Incomplete set of assignments ;
; rst      ; Incomplete set of assignments ;
; enable   ; Incomplete set of assignments ;
; d_in[1]  ; Incomplete set of assignments ;
; d_in[0]  ; Incomplete set of assignments ;
; d_out    ; Missing location assignment   ;
; clk      ; Missing location assignment   ;
; rst      ; Missing location assignment   ;
; enable   ; Missing location assignment   ;
; d_in[1]  ; Missing location assignment   ;
; d_in[0]  ; Missing location assignment   ;
+----------+-------------------------------+


+---------------------------------------------------------------------------------------------------------------------------------------------------------------------------------------------------------------------------------------------------------------------------------------------------------------------------------------------------------------------------------------------------------------------------------------------------------------------------+
; Fitter Resource Utilization by Entity                                                                                                                                                                                                                                                                                                                                                                                                                                     ;
+-------------------------------------------+---------------------+--------------+----------+-----------+---------------------------+---------------+-------------------+------+--------------+---------+-----------+-----------+-----------+------+--------------+--------------------------------+--------------------+-------------------------------+----------------------------------------------------------------------------------+-----------------+--------------+
; Compilation Hierarchy Node                ; Combinational ALUTs ; Memory ALUTs ; LUT_REGs ; ALMs      ; Dedicated Logic Registers ; I/O Registers ; Block Memory Bits ; M9Ks ; DSP Elements ; DSP 9x9 ; DSP 12x12 ; DSP 18x18 ; DSP 36x36 ; Pins ; Virtual Pins ; Combinational with no register ; Register-Only      ; Combinational with a register ; Full Hierarchy Name                                                              ; Entity Name     ; Library Name ;
;                                           ;                     ;              ;          ;           ;                           ;               ;                   ;      ;              ;         ;           ;           ;           ;      ;              ; ALUT/register pair             ; ALUT/register pair ; ALUT/register pair            ;                                                                                  ;                 ;              ;
+-------------------------------------------+---------------------+--------------+----------+-----------+---------------------------+---------------+-------------------+------+--------------+---------+-----------+-----------+-----------+------+--------------+--------------------------------+--------------------+-------------------------------+----------------------------------------------------------------------------------+-----------------+--------------+
; |decoder                                  ; 374 (133)           ; 0 (0)        ; 0 (0)    ; 268 (158) ; 239 (231)                 ; 0 (0)         ; 34816             ; 6    ; 0            ; 0       ; 0         ; 0         ; 0         ; 6    ; 0            ; 224 (52)                       ; 89 (89)            ; 150 (81)                      ; |decoder                                                                         ; decoder         ; work         ;
;    |ACS:ACS0|                             ; 27 (27)             ; 0 (0)        ; 0 (0)    ; 18 (18)   ; 0 (0)                     ; 0 (0)         ; 0                 ; 0    ; 0            ; 0       ; 0         ; 0         ; 0         ; 0    ; 0            ; 20 (20)                        ; 0 (0)              ; 7 (7)                         ; |decoder|ACS:ACS0                                                                ; ACS             ; work         ;
;    |ACS:ACS1|                             ; 27 (27)             ; 0 (0)        ; 0 (0)    ; 16 (16)   ; 0 (0)                     ; 0 (0)         ; 0                 ; 0    ; 0            ; 0       ; 0         ; 0         ; 0         ; 0    ; 0            ; 20 (20)                        ; 0 (0)              ; 7 (7)                         ; |decoder|ACS:ACS1                                                                ; ACS             ; work         ;
;    |ACS:ACS2|                             ; 28 (28)             ; 0 (0)        ; 0 (0)    ; 17 (17)   ; 0 (0)                     ; 0 (0)         ; 0                 ; 0    ; 0            ; 0       ; 0         ; 0         ; 0         ; 0    ; 0            ; 19 (19)                        ; 0 (0)              ; 9 (9)                         ; |decoder|ACS:ACS2                                                                ; ACS             ; work         ;
;    |ACS:ACS3|                             ; 27 (27)             ; 0 (0)        ; 0 (0)    ; 17 (17)   ; 0 (0)                     ; 0 (0)         ; 0                 ; 0    ; 0            ; 0       ; 0         ; 0         ; 0         ; 0    ; 0            ; 19 (19)                        ; 0 (0)              ; 8 (8)                         ; |decoder|ACS:ACS3                                                                ; ACS             ; work         ;
;    |ACS:ACS4|                             ; 20 (20)             ; 0 (0)        ; 0 (0)    ; 12 (12)   ; 0 (0)                     ; 0 (0)         ; 0                 ; 0    ; 0            ; 0       ; 0         ; 0         ; 0         ; 0    ; 0            ; 13 (13)                        ; 0 (0)              ; 7 (7)                         ; |decoder|ACS:ACS4                                                                ; ACS             ; work         ;
;    |ACS:ACS5|                             ; 29 (29)             ; 0 (0)        ; 0 (0)    ; 17 (17)   ; 0 (0)                     ; 0 (0)         ; 0                 ; 0    ; 0            ; 0       ; 0         ; 0         ; 0         ; 0    ; 0            ; 20 (20)                        ; 0 (0)              ; 9 (9)                         ; |decoder|ACS:ACS5                                                                ; ACS             ; work         ;
;    |ACS:ACS6|                             ; 27 (27)             ; 0 (0)        ; 0 (0)    ; 16 (16)   ; 0 (0)                     ; 0 (0)         ; 0                 ; 0    ; 0            ; 0       ; 0         ; 0         ; 0         ; 0    ; 0            ; 23 (23)                        ; 0 (0)              ; 4 (4)                         ; |decoder|ACS:ACS6                                                                ; ACS             ; work         ;
;    |ACS:ACS7|                             ; 26 (26)             ; 0 (0)        ; 0 (0)    ; 16 (16)   ; 0 (0)                     ; 0 (0)         ; 0                 ; 0    ; 0            ; 0       ; 0         ; 0         ; 0         ; 0    ; 0            ; 18 (18)                        ; 0 (0)              ; 8 (8)                         ; |decoder|ACS:ACS7                                                                ; ACS             ; work         ;
;    |mem:trelis_mem_A|                     ; 0 (0)               ; 0 (0)        ; 0 (0)    ; 0 (0)     ; 0 (0)                     ; 0 (0)         ; 8192              ; 1    ; 0            ; 0       ; 0         ; 0         ; 0         ; 0    ; 0            ; 0 (0)                          ; 0 (0)              ; 0 (0)                         ; |decoder|mem:trelis_mem_A                                                        ; mem             ; work         ;
;       |altsyncram:mem_rtl_0|              ; 0 (0)               ; 0 (0)        ; 0 (0)    ; 0 (0)     ; 0 (0)                     ; 0 (0)         ; 8192              ; 1    ; 0            ; 0       ; 0         ; 0         ; 0         ; 0    ; 0            ; 0 (0)                          ; 0 (0)              ; 0 (0)                         ; |decoder|mem:trelis_mem_A|altsyncram:mem_rtl_0                                   ; altsyncram      ; work         ;
;          |altsyncram_epe1:auto_generated| ; 0 (0)               ; 0 (0)        ; 0 (0)    ; 0 (0)     ; 0 (0)                     ; 0 (0)         ; 8192              ; 1    ; 0            ; 0       ; 0         ; 0         ; 0         ; 0    ; 0            ; 0 (0)                          ; 0 (0)              ; 0 (0)                         ; |decoder|mem:trelis_mem_A|altsyncram:mem_rtl_0|altsyncram_epe1:auto_generated    ; altsyncram_epe1 ; work         ;
;    |mem:trelis_mem_B|                     ; 0 (0)               ; 0 (0)        ; 0 (0)    ; 0 (0)     ; 0 (0)                     ; 0 (0)         ; 8192              ; 1    ; 0            ; 0       ; 0         ; 0         ; 0         ; 0    ; 0            ; 0 (0)                          ; 0 (0)              ; 0 (0)                         ; |decoder|mem:trelis_mem_B                                                        ; mem             ; work         ;
;       |altsyncram:mem_rtl_0|              ; 0 (0)               ; 0 (0)        ; 0 (0)    ; 0 (0)     ; 0 (0)                     ; 0 (0)         ; 8192              ; 1    ; 0            ; 0       ; 0         ; 0         ; 0         ; 0    ; 0            ; 0 (0)                          ; 0 (0)              ; 0 (0)                         ; |decoder|mem:trelis_mem_B|altsyncram:mem_rtl_0                                   ; altsyncram      ; work         ;
;          |altsyncram_epe1:auto_generated| ; 0 (0)               ; 0 (0)        ; 0 (0)    ; 0 (0)     ; 0 (0)                     ; 0 (0)         ; 8192              ; 1    ; 0            ; 0       ; 0         ; 0         ; 0         ; 0    ; 0            ; 0 (0)                          ; 0 (0)              ; 0 (0)                         ; |decoder|mem:trelis_mem_B|altsyncram:mem_rtl_0|altsyncram_epe1:auto_generated    ; altsyncram_epe1 ; work         ;
;    |mem:trelis_mem_C|                     ; 0 (0)               ; 0 (0)        ; 0 (0)    ; 0 (0)     ; 0 (0)                     ; 0 (0)         ; 8192              ; 1    ; 0            ; 0       ; 0         ; 0         ; 0         ; 0    ; 0            ; 0 (0)                          ; 0 (0)              ; 0 (0)                         ; |decoder|mem:trelis_mem_C                                                        ; mem             ; work         ;
;       |altsyncram:mem_rtl_0|              ; 0 (0)               ; 0 (0)        ; 0 (0)    ; 0 (0)     ; 0 (0)                     ; 0 (0)         ; 8192              ; 1    ; 0            ; 0       ; 0         ; 0         ; 0         ; 0    ; 0            ; 0 (0)                          ; 0 (0)              ; 0 (0)                         ; |decoder|mem:trelis_mem_C|altsyncram:mem_rtl_0                                   ; altsyncram      ; work         ;
;          |altsyncram_epe1:auto_generated| ; 0 (0)               ; 0 (0)        ; 0 (0)    ; 0 (0)     ; 0 (0)                     ; 0 (0)         ; 8192              ; 1    ; 0            ; 0       ; 0         ; 0         ; 0         ; 0    ; 0            ; 0 (0)                          ; 0 (0)              ; 0 (0)                         ; |decoder|mem:trelis_mem_C|altsyncram:mem_rtl_0|altsyncram_epe1:auto_generated    ; altsyncram_epe1 ; work         ;
;    |mem:trelis_mem_D|                     ; 0 (0)               ; 0 (0)        ; 0 (0)    ; 0 (0)     ; 0 (0)                     ; 0 (0)         ; 8192              ; 1    ; 0            ; 0       ; 0         ; 0         ; 0         ; 0    ; 0            ; 0 (0)                          ; 0 (0)              ; 0 (0)                         ; |decoder|mem:trelis_mem_D                                                        ; mem             ; work         ;
;       |altsyncram:mem_rtl_0|              ; 0 (0)               ; 0 (0)        ; 0 (0)    ; 0 (0)     ; 0 (0)                     ; 0 (0)         ; 8192              ; 1    ; 0            ; 0       ; 0         ; 0         ; 0         ; 0    ; 0            ; 0 (0)                          ; 0 (0)              ; 0 (0)                         ; |decoder|mem:trelis_mem_D|altsyncram:mem_rtl_0                                   ; altsyncram      ; work         ;
;          |altsyncram_epe1:auto_generated| ; 0 (0)               ; 0 (0)        ; 0 (0)    ; 0 (0)     ; 0 (0)                     ; 0 (0)         ; 8192              ; 1    ; 0            ; 0       ; 0         ; 0         ; 0         ; 0    ; 0            ; 0 (0)                          ; 0 (0)              ; 0 (0)                         ; |decoder|mem:trelis_mem_D|altsyncram:mem_rtl_0|altsyncram_epe1:auto_generated    ; altsyncram_epe1 ; work         ;
;    |mem_disp:disp_mem_0|                  ; 0 (0)               ; 0 (0)        ; 0 (0)    ; 0 (0)     ; 0 (0)                     ; 0 (0)         ; 1024              ; 1    ; 0            ; 0       ; 0         ; 0         ; 0         ; 0    ; 0            ; 0 (0)                          ; 0 (0)              ; 0 (0)                         ; |decoder|mem_disp:disp_mem_0                                                     ; mem_disp        ; work         ;
;       |altsyncram:mem_rtl_0|              ; 0 (0)               ; 0 (0)        ; 0 (0)    ; 0 (0)     ; 0 (0)                     ; 0 (0)         ; 1024              ; 1    ; 0            ; 0       ; 0         ; 0         ; 0         ; 0    ; 0            ; 0 (0)                          ; 0 (0)              ; 0 (0)                         ; |decoder|mem_disp:disp_mem_0|altsyncram:mem_rtl_0                                ; altsyncram      ; work         ;
;          |altsyncram_7pe1:auto_generated| ; 0 (0)               ; 0 (0)        ; 0 (0)    ; 0 (0)     ; 0 (0)                     ; 0 (0)         ; 1024              ; 1    ; 0            ; 0       ; 0         ; 0         ; 0         ; 0    ; 0            ; 0 (0)                          ; 0 (0)              ; 0 (0)                         ; |decoder|mem_disp:disp_mem_0|altsyncram:mem_rtl_0|altsyncram_7pe1:auto_generated ; altsyncram_7pe1 ; work         ;
;    |mem_disp:disp_mem_1|                  ; 0 (0)               ; 0 (0)        ; 0 (0)    ; 0 (0)     ; 0 (0)                     ; 0 (0)         ; 1024              ; 1    ; 0            ; 0       ; 0         ; 0         ; 0         ; 0    ; 0            ; 0 (0)                          ; 0 (0)              ; 0 (0)                         ; |decoder|mem_disp:disp_mem_1                                                     ; mem_disp        ; work         ;
;       |altsyncram:mem_rtl_0|              ; 0 (0)               ; 0 (0)        ; 0 (0)    ; 0 (0)     ; 0 (0)                     ; 0 (0)         ; 1024              ; 1    ; 0            ; 0       ; 0         ; 0         ; 0         ; 0    ; 0            ; 0 (0)                          ; 0 (0)              ; 0 (0)                         ; |decoder|mem_disp:disp_mem_1|altsyncram:mem_rtl_0                                ; altsyncram      ; work         ;
;          |altsyncram_7pe1:auto_generated| ; 0 (0)               ; 0 (0)        ; 0 (0)    ; 0 (0)     ; 0 (0)                     ; 0 (0)         ; 1024              ; 1    ; 0            ; 0       ; 0         ; 0         ; 0         ; 0    ; 0            ; 0 (0)                          ; 0 (0)              ; 0 (0)                         ; |decoder|mem_disp:disp_mem_1|altsyncram:mem_rtl_0|altsyncram_7pe1:auto_generated ; altsyncram_7pe1 ; work         ;
;    |tbu:tbu_0|                            ; 15 (15)             ; 0 (0)        ; 0 (0)    ; 12 (12)   ; 4 (4)                     ; 0 (0)         ; 0                 ; 0    ; 0            ; 0       ; 0         ; 0         ; 0         ; 0    ; 0            ; 9 (9)                          ; 0 (0)              ; 6 (6)                         ; |decoder|tbu:tbu_0                                                               ; tbu             ; work         ;
;    |tbu:tbu_1|                            ; 15 (15)             ; 0 (0)        ; 0 (0)    ; 11 (11)   ; 4 (4)                     ; 0 (0)         ; 0                 ; 0    ; 0            ; 0       ; 0         ; 0         ; 0         ; 0    ; 0            ; 11 (11)                        ; 0 (0)              ; 4 (4)                         ; |decoder|tbu:tbu_1                                                               ; tbu             ; work         ;
+-------------------------------------------+---------------------+--------------+----------+-----------+---------------------------+---------------+-------------------+------+--------------+---------+-----------+-----------+-----------+------+--------------+--------------------------------+--------------------+-------------------------------+----------------------------------------------------------------------------------+-----------------+--------------+
Note: For table entries with two numbers listed, the numbers in parentheses indicate the number of resources of the given type used by the specific entity alone. The numbers listed outside of parentheses indicate the total resources of the given type used by the specific entity and all of its sub-entities in the hierarchy.


+---------------------------------------------------------------------------------------------------------------------------------------------------------------------------------------------------------------------+
; Delay Chain Summary                                                                                                                                                                                                 ;
+---------+----------+---------------+---------------+------------------------------------------------------------------+----------------------------------------------+-----+------+---------+----------+------------+
; Name    ; Pin Type ; Pad to Core 0 ; Pad to Core 1 ; Input Pin to Input Register(or DDIO High Capture Register) Delay ; Input Pin to DDIO Low Capture Register Delay ; TCO ; TCOE ; DQS bus ; NDQS bus ; DQS output ;
+---------+----------+---------------+---------------+------------------------------------------------------------------+----------------------------------------------+-----+------+---------+----------+------------+
; d_out   ; Output   ; --            ; --            ; --                                                               ; --                                           ; --  ; --   ; --      ; --       ; --         ;
; clk     ; Input    ; (0) 413 ps    ; --            ; --                                                               ; --                                           ; --  ; --   ; --      ; --       ; --         ;
; rst     ; Input    ; (0) 413 ps    ; --            ; --                                                               ; --                                           ; --  ; --   ; --      ; --       ; --         ;
; enable  ; Input    ; (51) 1906 ps  ; --            ; --                                                               ; --                                           ; --  ; --   ; --      ; --       ; --         ;
; d_in[1] ; Input    ; --            ; (51) 1906 ps  ; --                                                               ; --                                           ; --  ; --   ; --      ; --       ; --         ;
; d_in[0] ; Input    ; --            ; (51) 1906 ps  ; --                                                               ; --                                           ; --  ; --   ; --      ; --       ; --         ;
+---------+----------+---------------+---------------+------------------------------------------------------------------+----------------------------------------------+-----+------+---------+----------+------------+


+---------------------------------------------------------------+
; Pad To Core Delay Chain Fanout                                ;
+---------------------------------+-------------------+---------+
; Source Pin / Fanout             ; Pad To Core Index ; Setting ;
+---------------------------------+-------------------+---------+
; clk                             ;                   ;         ;
; rst                             ;                   ;         ;
; enable                          ;                   ;         ;
;      - wr_mem_counter[7]        ; 0                 ; 51      ;
;      - wr_mem_counter[8]        ; 0                 ; 51      ;
;      - validity[2]              ; 0                 ; 51      ;
;      - validity[1]              ; 0                 ; 51      ;
;      - validity[4]              ; 0                 ; 51      ;
;      - wr_mem_counter[0]        ; 0                 ; 51      ;
;      - wr_mem_counter[9]        ; 0                 ; 51      ;
;      - wr_mem_counter[2]        ; 0                 ; 51      ;
;      - wr_mem_counter[3]        ; 0                 ; 51      ;
;      - wr_mem_counter[1]        ; 0                 ; 51      ;
;      - wr_mem_counter[4]        ; 0                 ; 51      ;
;      - wr_mem_counter[5]        ; 0                 ; 51      ;
;      - wr_mem_counter[6]        ; 0                 ; 51      ;
;      - path_cost[0][7]          ; 0                 ; 51      ;
;      - path_cost[1][7]          ; 0                 ; 51      ;
;      - path_cost[3][7]          ; 0                 ; 51      ;
;      - path_cost[2][7]          ; 0                 ; 51      ;
;      - path_cost[4][7]          ; 0                 ; 51      ;
;      - path_cost[5][7]          ; 0                 ; 51      ;
;      - path_cost[7][7]          ; 0                 ; 51      ;
;      - path_cost[6][7]          ; 0                 ; 51      ;
;      - path_cost[4][1]          ; 0                 ; 51      ;
;      - path_cost[4][0]          ; 0                 ; 51      ;
;      - path_cost[4][6]          ; 0                 ; 51      ;
;      - path_cost[4][5]          ; 0                 ; 51      ;
;      - path_cost[4][4]          ; 0                 ; 51      ;
;      - path_cost[4][3]          ; 0                 ; 51      ;
;      - path_cost[4][2]          ; 0                 ; 51      ;
;      - path_cost[0][1]          ; 0                 ; 51      ;
;      - path_cost[0][0]          ; 0                 ; 51      ;
;      - path_cost[0][6]          ; 0                 ; 51      ;
;      - path_cost[0][5]          ; 0                 ; 51      ;
;      - path_cost[0][4]          ; 0                 ; 51      ;
;      - path_cost[0][3]          ; 0                 ; 51      ;
;      - path_cost[0][2]          ; 0                 ; 51      ;
;      - rd_mem_counter_disp[0]~0 ; 0                 ; 51      ;
;      - rd_mem_counter_disp~6    ; 0                 ; 51      ;
;      - rd_mem_counter_disp~7    ; 0                 ; 51      ;
;      - rd_mem_counter_disp~8    ; 0                 ; 51      ;
;      - rd_mem_counter_disp~9    ; 0                 ; 51      ;
;      - rd_mem_counter[0]        ; 0                 ; 51      ;
;      - rd_mem_counter[1]        ; 0                 ; 51      ;
;      - rd_mem_counter[2]        ; 0                 ; 51      ;
;      - rd_mem_counter[3]        ; 0                 ; 51      ;
;      - rd_mem_counter[4]        ; 0                 ; 51      ;
;      - rd_mem_counter[5]        ; 0                 ; 51      ;
;      - rd_mem_counter[6]        ; 0                 ; 51      ;
;      - rd_mem_counter[7]        ; 0                 ; 51      ;
;      - rd_mem_counter[8]        ; 0                 ; 51      ;
;      - rd_mem_counter[9]        ; 0                 ; 51      ;
;      - selection~0              ; 0                 ; 51      ;
;      - selection~1              ; 0                 ; 51      ;
;      - selection~7              ; 0                 ; 51      ;
;      - selection~8              ; 0                 ; 51      ;
;      - selection~9              ; 0                 ; 51      ;
;      - selection~10             ; 0                 ; 51      ;
;      - selection~11             ; 0                 ; 51      ;
;      - selection~12             ; 0                 ; 51      ;
;      - path_cost[2][6]~0        ; 0                 ; 51      ;
;      - path_cost[1][1]~2        ; 0                 ; 51      ;
; d_in[1]                         ;                   ;         ;
;      - ACS:ACS0|Add0~1          ; 1                 ; 51      ;
;      - ACS:ACS0|Add0~5          ; 1                 ; 51      ;
;      - ACS:ACS0|Add1~1          ; 1                 ; 51      ;
;      - ACS:ACS0|Add1~5          ; 1                 ; 51      ;
;      - ACS:ACS1|Add0~1          ; 1                 ; 51      ;
;      - ACS:ACS1|Add0~5          ; 1                 ; 51      ;
;      - ACS:ACS1|Add1~1          ; 1                 ; 51      ;
;      - ACS:ACS1|Add1~5          ; 1                 ; 51      ;
;      - ACS:ACS2|Add0~1          ; 1                 ; 51      ;
;      - ACS:ACS2|Add0~5          ; 1                 ; 51      ;
;      - ACS:ACS2|Add1~1          ; 1                 ; 51      ;
;      - ACS:ACS2|Add1~5          ; 1                 ; 51      ;
;      - ACS:ACS3|Add0~1          ; 1                 ; 51      ;
;      - ACS:ACS3|Add0~5          ; 1                 ; 51      ;
;      - ACS:ACS3|Add1~1          ; 1                 ; 51      ;
;      - ACS:ACS3|Add1~5          ; 1                 ; 51      ;
;      - ACS:ACS4|Add0~1          ; 1                 ; 51      ;
;      - ACS:ACS4|Add0~5          ; 1                 ; 51      ;
;      - ACS:ACS4|Add1~1          ; 1                 ; 51      ;
;      - ACS:ACS4|Add1~5          ; 1                 ; 51      ;
;      - ACS:ACS5|Add0~1          ; 1                 ; 51      ;
;      - ACS:ACS5|Add0~5          ; 1                 ; 51      ;
;      - ACS:ACS5|Add1~1          ; 1                 ; 51      ;
;      - ACS:ACS5|Add1~5          ; 1                 ; 51      ;
;      - ACS:ACS6|Add0~1          ; 1                 ; 51      ;
;      - ACS:ACS6|Add0~5          ; 1                 ; 51      ;
;      - ACS:ACS6|Add1~1          ; 1                 ; 51      ;
;      - ACS:ACS6|Add1~5          ; 1                 ; 51      ;
;      - ACS:ACS7|Add0~1          ; 1                 ; 51      ;
;      - ACS:ACS7|Add0~5          ; 1                 ; 51      ;
;      - ACS:ACS7|Add1~1          ; 1                 ; 51      ;
;      - ACS:ACS7|Add1~5          ; 1                 ; 51      ;
; d_in[0]                         ;                   ;         ;
;      - ACS:ACS0|Add0~1          ; 1                 ; 51      ;
;      - ACS:ACS0|Add0~5          ; 1                 ; 51      ;
;      - ACS:ACS0|Add1~1          ; 1                 ; 51      ;
;      - ACS:ACS0|Add1~5          ; 1                 ; 51      ;
;      - ACS:ACS1|Add0~1          ; 1                 ; 51      ;
;      - ACS:ACS1|Add0~5          ; 1                 ; 51      ;
;      - ACS:ACS1|Add1~1          ; 1                 ; 51      ;
;      - ACS:ACS1|Add1~5          ; 1                 ; 51      ;
;      - ACS:ACS2|Add0~1          ; 1                 ; 51      ;
;      - ACS:ACS2|Add0~5          ; 1                 ; 51      ;
;      - ACS:ACS2|Add1~1          ; 1                 ; 51      ;
;      - ACS:ACS2|Add1~5          ; 1                 ; 51      ;
;      - ACS:ACS3|Add0~1          ; 1                 ; 51      ;
;      - ACS:ACS3|Add0~5          ; 1                 ; 51      ;
;      - ACS:ACS3|Add1~1          ; 1                 ; 51      ;
;      - ACS:ACS3|Add1~5          ; 1                 ; 51      ;
;      - ACS:ACS4|Add0~1          ; 1                 ; 51      ;
;      - ACS:ACS4|Add0~5          ; 1                 ; 51      ;
;      - ACS:ACS4|Add1~1          ; 1                 ; 51      ;
;      - ACS:ACS4|Add1~5          ; 1                 ; 51      ;
;      - ACS:ACS5|Add0~1          ; 1                 ; 51      ;
;      - ACS:ACS5|Add0~5          ; 1                 ; 51      ;
;      - ACS:ACS5|Add1~1          ; 1                 ; 51      ;
;      - ACS:ACS5|Add1~5          ; 1                 ; 51      ;
;      - ACS:ACS6|Add0~1          ; 1                 ; 51      ;
;      - ACS:ACS6|Add0~5          ; 1                 ; 51      ;
;      - ACS:ACS6|Add1~1          ; 1                 ; 51      ;
;      - ACS:ACS6|Add1~5          ; 1                 ; 51      ;
;      - ACS:ACS7|Add0~1          ; 1                 ; 51      ;
;      - ACS:ACS7|Add0~5          ; 1                 ; 51      ;
;      - ACS:ACS7|Add1~1          ; 1                 ; 51      ;
;      - ACS:ACS7|Add1~5          ; 1                 ; 51      ;
+---------------------------------+-------------------+---------+


+----------------------------------------------------------------------------------------------------------------------------------------------------------------------+
; Control Signals                                                                                                                                                      ;
+--------------------------+----------------------+---------+---------------------------+--------+----------------------+------------------+---------------------------+
; Name                     ; Location             ; Fan-Out ; Usage                     ; Global ; Global Resource Used ; Global Line Name ; Enable Signal Source Name ;
+--------------------------+----------------------+---------+---------------------------+--------+----------------------+------------------+---------------------------+
; clk                      ; PIN_T10              ; 245     ; Clock                     ; yes    ; Global Clock         ; GCLK7            ; --                        ;
; d_in_1_tbu_1~0           ; MLABCELL_X16_Y44_N32 ; 16      ; Sync. load                ; no     ; --                   ; --               ; --                        ;
; enable                   ; PIN_D11              ; 60      ; Clock enable, Sync. clear ; no     ; --                   ; --               ; --                        ;
; mem_bank[0]              ; FF_X11_Y46_N11       ; 47      ; Sync. load                ; no     ; --                   ; --               ; --                        ;
; mem_bank_Q2[1]           ; FF_X14_Y44_N9        ; 19      ; Sync. load                ; no     ; --                   ; --               ; --                        ;
; mem_bank_Q4              ; FF_X17_Y44_N11       ; 9       ; Write enable              ; no     ; --                   ; --               ; --                        ;
; path_cost[1][1]~2        ; MLABCELL_X21_Y43_N22 ; 28      ; Sync. clear               ; no     ; --                   ; --               ; --                        ;
; path_cost[1][1]~6        ; LABCELL_X24_Y43_N24  ; 7       ; Sync. load                ; no     ; --                   ; --               ; --                        ;
; path_cost[2][6]~0        ; MLABCELL_X21_Y43_N34 ; 14      ; Sync. clear               ; no     ; --                   ; --               ; --                        ;
; path_cost[2][6]~1        ; MLABCELL_X23_Y42_N18 ; 7       ; Sync. load                ; no     ; --                   ; --               ; --                        ;
; path_cost[3][6]~3        ; MLABCELL_X19_Y43_N8  ; 7       ; Sync. load                ; no     ; --                   ; --               ; --                        ;
; path_cost[5][3]~7        ; LABCELL_X20_Y42_N36  ; 7       ; Sync. load                ; no     ; --                   ; --               ; --                        ;
; path_cost[6][3]~4        ; LABCELL_X22_Y44_N4   ; 7       ; Sync. load                ; no     ; --                   ; --               ; --                        ;
; path_cost[7][4]~5        ; LABCELL_X20_Y44_N38  ; 7       ; Sync. load                ; no     ; --                   ; --               ; --                        ;
; rd_mem_counter_disp[0]~0 ; LABCELL_X15_Y46_N16  ; 16      ; Sync. clear               ; no     ; --                   ; --               ; --                        ;
; rst                      ; PIN_U10              ; 105     ; Async. clear              ; yes    ; Global Clock         ; GCLK6            ; --                        ;
; selection_tbu_0          ; FF_X16_Y44_N37       ; 45      ; Sync. clear, Sync. load   ; no     ; --                   ; --               ; --                        ;
; selection~13             ; MLABCELL_X23_Y44_N28 ; 7       ; Sync. load                ; no     ; --                   ; --               ; --                        ;
; selection~16             ; LABCELL_X22_Y43_N14  ; 7       ; Sync. load                ; no     ; --                   ; --               ; --                        ;
; wr_mem_A                 ; FF_X12_Y44_N27       ; 1       ; Write enable              ; no     ; --                   ; --               ; --                        ;
; wr_mem_B                 ; FF_X12_Y43_N33       ; 1       ; Write enable              ; no     ; --                   ; --               ; --                        ;
; wr_mem_C                 ; FF_X12_Y44_N31       ; 1       ; Write enable              ; no     ; --                   ; --               ; --                        ;
; wr_mem_D                 ; FF_X12_Y44_N15       ; 1       ; Write enable              ; no     ; --                   ; --               ; --                        ;
+--------------------------+----------------------+---------+---------------------------+--------+----------------------+------------------+---------------------------+


+----------------------------------------------------------------------------------------------------------------------------------------+
; Global & Other Fast Signals                                                                                                            ;
+------+----------+---------+--------------------------------------+----------------------+------------------+---------------------------+
; Name ; Location ; Fan-Out ; Fan-Out Using Intentional Clock Skew ; Global Resource Used ; Global Line Name ; Enable Signal Source Name ;
+------+----------+---------+--------------------------------------+----------------------+------------------+---------------------------+
; clk  ; PIN_T10  ; 245     ; 73                                   ; Global Clock         ; GCLK7            ; --                        ;
; rst  ; PIN_U10  ; 105     ; 0                                    ; Global Clock         ; GCLK6            ; --                        ;
+------+----------+---------+--------------------------------------+----------------------+------------------+---------------------------+


+-------------------------------------------------------------------------------------------------------------------------------------------------------------------------------------------------------------------------------------------------------------------------------------------------------------------------------------------------------------------------------------------------------------------------------------------------------------------------------------------------------------------------------------------------------------------------------------------------------------------+
; Fitter RAM Summary                                                                                                                                                                                                                                                                                                                                                                                                                                                                                                                                                                                                ;
+------------------------------------------------------------------------------------+------+-------------+--------------+--------------+--------------+--------------+--------------+------------------------+-------------------------+------------------------+-------------------------+------+-----------------------------+-----------------------------+-----------------------------+-----------------------------+---------------------+------------+-------+------+----------------+----------------------+-----------------+-----------------+----------+------------------------+-----------------------+
; Name                                                                               ; Type ; Mode        ; Clock Mode   ; Port A Depth ; Port A Width ; Port B Depth ; Port B Width ; Port A Input Registers ; Port A Output Registers ; Port B Input Registers ; Port B Output Registers ; Size ; Implementation Port A Depth ; Implementation Port A Width ; Implementation Port B Depth ; Implementation Port B Width ; Implementation Bits ; M9K blocks ; MLABs ; MIF  ; Location       ; Mixed Width RDW Mode ; Port A RDW Mode ; Port B RDW Mode ; ECC Mode ; ECC Pipeline Registers ; Fits in MLABs         ;
+------------------------------------------------------------------------------------+------+-------------+--------------+--------------+--------------+--------------+--------------+------------------------+-------------------------+------------------------+-------------------------+------+-----------------------------+-----------------------------+-----------------------------+-----------------------------+---------------------+------------+-------+------+----------------+----------------------+-----------------+-----------------+----------+------------------------+-----------------------+
; mem:trelis_mem_A|altsyncram:mem_rtl_0|altsyncram_epe1:auto_generated|ALTSYNCRAM    ; AUTO ; Single Port ; Single Clock ; 1024         ; 8            ; --           ; --           ; yes                    ; no                      ; --                     ; --                      ; 8192 ; 1024                        ; 8                           ; --                          ; --                          ; 8192                ; 1          ; 0     ; None ; M9K_X13_Y44_N0 ; Don't care           ; Old data        ; New data        ; Off      ; No                     ; No - Address Too Wide ;
; mem:trelis_mem_B|altsyncram:mem_rtl_0|altsyncram_epe1:auto_generated|ALTSYNCRAM    ; AUTO ; Single Port ; Single Clock ; 1024         ; 8            ; --           ; --           ; yes                    ; no                      ; --                     ; --                      ; 8192 ; 1024                        ; 8                           ; --                          ; --                          ; 8192                ; 1          ; 0     ; None ; M9K_X13_Y43_N0 ; Don't care           ; Old data        ; New data        ; Off      ; No                     ; No - Address Too Wide ;
; mem:trelis_mem_C|altsyncram:mem_rtl_0|altsyncram_epe1:auto_generated|ALTSYNCRAM    ; AUTO ; Single Port ; Single Clock ; 1024         ; 8            ; --           ; --           ; yes                    ; no                      ; --                     ; --                      ; 8192 ; 1024                        ; 8                           ; --                          ; --                          ; 8192                ; 1          ; 0     ; None ; M9K_X13_Y45_N0 ; Don't care           ; Old data        ; New data        ; Off      ; No                     ; No - Address Too Wide ;
; mem:trelis_mem_D|altsyncram:mem_rtl_0|altsyncram_epe1:auto_generated|ALTSYNCRAM    ; AUTO ; Single Port ; Single Clock ; 1024         ; 8            ; --           ; --           ; yes                    ; no                      ; --                     ; --                      ; 8192 ; 1024                        ; 8                           ; --                          ; --                          ; 8192                ; 1          ; 0     ; None ; M9K_X18_Y44_N0 ; Don't care           ; Old data        ; New data        ; Off      ; No                     ; No - Address Too Wide ;
; mem_disp:disp_mem_0|altsyncram:mem_rtl_0|altsyncram_7pe1:auto_generated|ALTSYNCRAM ; AUTO ; Single Port ; Single Clock ; 1024         ; 1            ; --           ; --           ; yes                    ; no                      ; --                     ; --                      ; 1024 ; 1024                        ; 1                           ; --                          ; --                          ; 1024                ; 1          ; 0     ; None ; M9K_X13_Y47_N0 ; Don't care           ; Old data        ; New data        ; Off      ; No                     ; No - Address Too Wide ;
; mem_disp:disp_mem_1|altsyncram:mem_rtl_0|altsyncram_7pe1:auto_generated|ALTSYNCRAM ; AUTO ; Single Port ; Single Clock ; 1024         ; 1            ; --           ; --           ; yes                    ; no                      ; --                     ; --                      ; 1024 ; 1024                        ; 1                           ; --                          ; --                          ; 1024                ; 1          ; 0     ; None ; M9K_X18_Y47_N0 ; Don't care           ; Old data        ; New data        ; Off      ; No                     ; No - Address Too Wide ;
+------------------------------------------------------------------------------------+------+-------------+--------------+--------------+--------------+--------------+--------------+------------------------+-------------------------+------------------------+-------------------------+------+-----------------------------+-----------------------------+-----------------------------+-----------------------------+---------------------+------------+-------+------+----------------+----------------------+-----------------+-----------------+----------+------------------------+-----------------------+
Note: Fitter may spread logical memories into multiple blocks to improve timing. The actual required RAM blocks can be found in the Fitter Resource Usage section.


+-------------------------------------------------------------+
; Routing Usage Summary                                       ;
+-----------------------------------+-------------------------+
; Routing Resource Type             ; Usage                   ;
+-----------------------------------+-------------------------+
; Block interconnects               ; 706 / 213,100 ( < 1 % ) ;
; C12 interconnects                 ; 9 / 7,906 ( < 1 % )     ;
; C4 interconnects                  ; 222 / 139,240 ( < 1 % ) ;
; DIFFIOCLKs                        ; 0 / 8 ( 0 % )           ;
; DQS bus muxes                     ; 0 / 42 ( 0 % )          ;
; DQS-18 I/O buses                  ; 0 / 9 ( 0 % )           ;
; DQS-36 I/O buses                  ; 0 / 3 ( 0 % )           ;
; DQS-9 I/O buses                   ; 0 / 21 ( 0 % )          ;
; DQS-N18 I/O buses                 ; 0 / 4 ( 0 % )           ;
; Direct links                      ; 172 / 213,100 ( < 1 % ) ;
; Global clocks                     ; 2 / 16 ( 13 % )         ;
; HSSI Block Output Buffers         ; 0 / 3,905 ( 0 % )       ;
; Interquad CMU TXRX PMARX outputs  ; 0 / 4 ( 0 % )           ;
; Interquad CMU TXRX PMATX outputs  ; 0 / 4 ( 0 % )           ;
; Interquad Clock Inputs            ; 0 / 16 ( 0 % )          ;
; Interquad Clock Outputs           ; 0 / 4 ( 0 % )           ;
; Interquad Clocks                  ; 0 / 16 ( 0 % )          ;
; Interquad Global PLL Clock Inputs ; 0 / 12 ( 0 % )          ;
; Interquad Global PLL Clocks       ; 0 / 4 ( 0 % )           ;
; Interquad Quadrant Clock MUXs     ; 0 / 2 ( 0 % )           ;
; Interquad Reference Clock Outputs ; 0 / 2 ( 0 % )           ;
; Interquad TXRX Clock Feedbacks    ; 0 / 4 ( 0 % )           ;
; Interquad TXRX Clocks             ; 0 / 32 ( 0 % )          ;
; Interquad TXRX PCLK controls      ; 0 / 42 ( 0 % )          ;
; Interquad TXRX PCSRX outputs      ; 0 / 8 ( 0 % )           ;
; Interquad TXRX PCSTX outputs      ; 0 / 8 ( 0 % )           ;
; Interquad TXRX PMARX outputs      ; 0 / 8 ( 0 % )           ;
; Interquad TXRX PMATX outputs      ; 0 / 8 ( 0 % )           ;
; Local interconnects               ; 277 / 50,600 ( < 1 % )  ;
; NDQS bus muxes                    ; 0 / 42 ( 0 % )          ;
; NDQS-18 I/O buses                 ; 0 / 9 ( 0 % )           ;
; NDQS-36 I/O buses                 ; 0 / 3 ( 0 % )           ;
; NDQS-9 I/O buses                  ; 0 / 21 ( 0 % )          ;
; NDQS-N18 I/O buses                ; 0 / 4 ( 0 % )           ;
; PLL_RX_TX_LOAD_ENABLEs            ; 0 / 8 ( 0 % )           ;
; PLL_RX_TX_SCLOCKs                 ; 0 / 8 ( 0 % )           ;
; Periphery clocks                  ; 0 / 50 ( 0 % )          ;
; Quadrant clocks                   ; 0 / 48 ( 0 % )          ;
; R20 interconnects                 ; 1 / 8,690 ( < 1 % )     ;
; R20/C12 interconnect drivers      ; 6 / 12,980 ( < 1 % )    ;
; R4 interconnects                  ; 400 / 235,620 ( < 1 % ) ;
; Spine clocks                      ; 2 / 104 ( 2 % )         ;
+-----------------------------------+-------------------------+


+-----------------------------------------------------------------+
; LAB Logic Elements                                              ;
+----------------------------------+------------------------------+
; Number of ALMs  (Average = 8.65) ; Number of LABs  (Total = 31) ;
+----------------------------------+------------------------------+
; 1                                ; 3                            ;
; 2                                ; 0                            ;
; 3                                ; 1                            ;
; 4                                ; 0                            ;
; 5                                ; 0                            ;
; 6                                ; 1                            ;
; 7                                ; 0                            ;
; 8                                ; 1                            ;
; 9                                ; 2                            ;
; 10                               ; 23                           ;
+----------------------------------+------------------------------+


+-------------------------------------------------------------------+
; LAB-wide Signals                                                  ;
+------------------------------------+------------------------------+
; LAB-wide Signals  (Average = 2.35) ; Number of LABs  (Total = 31) ;
+------------------------------------+------------------------------+
; 1 Async. clear                     ; 22                           ;
; 1 Clock                            ; 30                           ;
; 1 Clock enable                     ; 1                            ;
; 1 Sync. clear                      ; 13                           ;
; 1 Sync. load                       ; 7                            ;
+------------------------------------+------------------------------+


+-----------------------------------------------------------------------------+
; LAB Signals Sourced                                                         ;
+----------------------------------------------+------------------------------+
; Number of Signals Sourced  (Average = 16.94) ; Number of LABs  (Total = 31) ;
+----------------------------------------------+------------------------------+
; 0                                            ; 0                            ;
; 1                                            ; 1                            ;
; 2                                            ; 2                            ;
; 3                                            ; 0                            ;
; 4                                            ; 0                            ;
; 5                                            ; 0                            ;
; 6                                            ; 1                            ;
; 7                                            ; 0                            ;
; 8                                            ; 2                            ;
; 9                                            ; 0                            ;
; 10                                           ; 4                            ;
; 11                                           ; 3                            ;
; 12                                           ; 0                            ;
; 13                                           ; 1                            ;
; 14                                           ; 0                            ;
; 15                                           ; 1                            ;
; 16                                           ; 3                            ;
; 17                                           ; 2                            ;
; 18                                           ; 1                            ;
; 19                                           ; 0                            ;
; 20                                           ; 1                            ;
; 21                                           ; 1                            ;
; 22                                           ; 1                            ;
; 23                                           ; 1                            ;
; 24                                           ; 0                            ;
; 25                                           ; 0                            ;
; 26                                           ; 0                            ;
; 27                                           ; 1                            ;
; 28                                           ; 0                            ;
; 29                                           ; 0                            ;
; 30                                           ; 0                            ;
; 31                                           ; 0                            ;
; 32                                           ; 0                            ;
; 33                                           ; 1                            ;
; 34                                           ; 0                            ;
; 35                                           ; 0                            ;
; 36                                           ; 1                            ;
; 37                                           ; 1                            ;
; 38                                           ; 1                            ;
; 39                                           ; 0                            ;
; 40                                           ; 1                            ;
+----------------------------------------------+------------------------------+


+--------------------------------------------------------------------------------+
; LAB Signals Sourced Out                                                        ;
+-------------------------------------------------+------------------------------+
; Number of Signals Sourced Out  (Average = 9.10) ; Number of LABs  (Total = 31) ;
+-------------------------------------------------+------------------------------+
; 0                                               ; 0                            ;
; 1                                               ; 3                            ;
; 2                                               ; 2                            ;
; 3                                               ; 1                            ;
; 4                                               ; 2                            ;
; 5                                               ; 3                            ;
; 6                                               ; 2                            ;
; 7                                               ; 1                            ;
; 8                                               ; 0                            ;
; 9                                               ; 2                            ;
; 10                                              ; 2                            ;
; 11                                              ; 2                            ;
; 12                                              ; 3                            ;
; 13                                              ; 0                            ;
; 14                                              ; 2                            ;
; 15                                              ; 0                            ;
; 16                                              ; 1                            ;
; 17                                              ; 3                            ;
; 18                                              ; 0                            ;
; 19                                              ; 1                            ;
; 20                                              ; 1                            ;
+-------------------------------------------------+------------------------------+


+-----------------------------------------------------------------------------+
; LAB Distinct Inputs                                                         ;
+----------------------------------------------+------------------------------+
; Number of Distinct Inputs  (Average = 19.42) ; Number of LABs  (Total = 31) ;
+----------------------------------------------+------------------------------+
; 0                                            ; 0                            ;
; 1                                            ; 0                            ;
; 2                                            ; 1                            ;
; 3                                            ; 2                            ;
; 4                                            ; 0                            ;
; 5                                            ; 0                            ;
; 6                                            ; 0                            ;
; 7                                            ; 1                            ;
; 8                                            ; 1                            ;
; 9                                            ; 1                            ;
; 10                                           ; 1                            ;
; 11                                           ; 1                            ;
; 12                                           ; 0                            ;
; 13                                           ; 1                            ;
; 14                                           ; 2                            ;
; 15                                           ; 1                            ;
; 16                                           ; 2                            ;
; 17                                           ; 0                            ;
; 18                                           ; 0                            ;
; 19                                           ; 0                            ;
; 20                                           ; 2                            ;
; 21                                           ; 0                            ;
; 22                                           ; 2                            ;
; 23                                           ; 1                            ;
; 24                                           ; 1                            ;
; 25                                           ; 1                            ;
; 26                                           ; 2                            ;
; 27                                           ; 1                            ;
; 28                                           ; 0                            ;
; 29                                           ; 0                            ;
; 30                                           ; 2                            ;
; 31                                           ; 1                            ;
; 32                                           ; 1                            ;
; 33                                           ; 0                            ;
; 34                                           ; 2                            ;
; 35                                           ; 1                            ;
+----------------------------------------------+------------------------------+


+------------------------------------------+
; I/O Rules Summary                        ;
+----------------------------------+-------+
; I/O Rules Statistic              ; Total ;
+----------------------------------+-------+
; Total I/O Rules                  ; 28    ;
; Number of I/O Rules Passed       ; 6     ;
; Number of I/O Rules Failed       ; 0     ;
; Number of I/O Rules Unchecked    ; 0     ;
; Number of I/O Rules Inapplicable ; 22    ;
+----------------------------------+-------+


+-----------------------------------------------------------------------------------------------------------------------------------------------------------------------------------------------------------------------------------------------------------------------------------+
; I/O Rules Details                                                                                                                                                                                                                                                                 ;
+--------------+-----------+-----------------------------------+------------------------------------------------------------------------------------+----------+--------------------------------------------------------------------------+---------------------+-------------------+
; Status       ; ID        ; Category                          ; Rule Description                                                                   ; Severity ; Information                                                              ; Area                ; Extra Information ;
+--------------+-----------+-----------------------------------+------------------------------------------------------------------------------------+----------+--------------------------------------------------------------------------+---------------------+-------------------+
; Inapplicable ; IO_000001 ; Capacity Checks                   ; Number of pins in an I/O bank should not exceed the number of locations available. ; Critical ; No Location assignments found.                                           ; I/O                 ;                   ;
; Inapplicable ; IO_000002 ; Capacity Checks                   ; Number of clocks in an I/O bank should not exceed the number of clocks available.  ; Critical ; No Global Signal assignments found.                                      ; I/O                 ;                   ;
; Inapplicable ; IO_000003 ; Capacity Checks                   ; Number of pins in a Vrefgroup should not exceed the number of locations available. ; Critical ; No Location assignments found.                                           ; I/O                 ;                   ;
; Inapplicable ; IO_000004 ; Voltage Compatibility Checks      ; The I/O bank should support the requested VCCIO.                                   ; Critical ; No IOBANK_VCCIO assignments found.                                       ; I/O                 ;                   ;
; Inapplicable ; IO_000005 ; Voltage Compatibility Checks      ; The I/O bank should not have competing VREF values.                                ; Critical ; No VREF I/O Standard assignments found.                                  ; I/O                 ;                   ;
; Pass         ; IO_000006 ; Voltage Compatibility Checks      ; The I/O bank should not have competing VCCIO values.                               ; Critical ; 0 such failures found.                                                   ; I/O                 ;                   ;
; Inapplicable ; IO_000007 ; Valid Location Checks             ; Checks for unavailable locations.                                                  ; Critical ; No Location assignments found.                                           ; I/O                 ;                   ;
; Inapplicable ; IO_000008 ; Valid Location Checks             ; Checks for reserved locations.                                                     ; Critical ; No reserved LogicLock region found.                                      ; I/O                 ;                   ;
; Pass         ; IO_000009 ; I/O Properties Checks for One I/O ; The location should support the requested I/O standard.                            ; Critical ; 0 such failures found.                                                   ; I/O                 ;                   ;
; Pass         ; IO_000010 ; I/O Properties Checks for One I/O ; The location should support the requested I/O direction.                           ; Critical ; 0 such failures found.                                                   ; I/O                 ;                   ;
; Inapplicable ; IO_000011 ; I/O Properties Checks for One I/O ; The location should support the requested Current Strength.                        ; Critical ; No Current Strength assignments found.                                   ; I/O                 ;                   ;
; Pass         ; IO_000012 ; I/O Properties Checks for One I/O ; The location should support the requested On Chip Termination value.               ; Critical ; 0 such failures found.                                                   ; I/O                 ;                   ;
; Inapplicable ; IO_000013 ; I/O Properties Checks for One I/O ; The location should support the requested Bus Hold value.                          ; Critical ; No Enable Bus-Hold Circuitry assignments found.                          ; I/O                 ;                   ;
; Inapplicable ; IO_000014 ; I/O Properties Checks for One I/O ; The location should support the requested Weak Pull Up value.                      ; Critical ; No Weak Pull-Up Resistor assignments found.                              ; I/O                 ;                   ;
; Inapplicable ; IO_000015 ; I/O Properties Checks for One I/O ; The location should support the requested PCI Clamp Diode.                         ; Critical ; No Clamping Diode assignments found.                                     ; I/O                 ;                   ;
; Inapplicable ; IO_000018 ; I/O Properties Checks for One I/O ; The I/O standard should support the requested Current Strength.                    ; Critical ; No Current Strength assignments found.                                   ; I/O                 ;                   ;
; Pass         ; IO_000019 ; I/O Properties Checks for One I/O ; The I/O standard should support the requested On Chip Termination value.           ; Critical ; 0 such failures found.                                                   ; I/O                 ;                   ;
; Inapplicable ; IO_000020 ; I/O Properties Checks for One I/O ; The I/O standard should support the requested PCI Clamp Diode.                     ; Critical ; No Clamping Diode assignments found.                                     ; I/O                 ;                   ;
; Inapplicable ; IO_000021 ; I/O Properties Checks for One I/O ; The I/O standard should support the requested Weak Pull Up value.                  ; Critical ; No Weak Pull-Up Resistor assignments found.                              ; I/O                 ;                   ;
; Inapplicable ; IO_000022 ; I/O Properties Checks for One I/O ; The I/O standard should support the requested Bus Hold value.                      ; Critical ; No Enable Bus-Hold Circuitry assignments found.                          ; I/O                 ;                   ;
; Inapplicable ; IO_000023 ; I/O Properties Checks for One I/O ; The I/O standard should support the Open Drain value.                              ; Critical ; No open drain assignments found.                                         ; I/O                 ;                   ;
; Pass         ; IO_000024 ; I/O Properties Checks for One I/O ; The I/O direction should support the On Chip Termination value.                    ; Critical ; 0 such failures found.                                                   ; I/O                 ;                   ;
; Inapplicable ; IO_000026 ; I/O Properties Checks for One I/O ; On Chip Termination and Current Strength should not be used at the same time.      ; Critical ; No Current Strength assignments found.                                   ; I/O                 ;                   ;
; Inapplicable ; IO_000027 ; I/O Properties Checks for One I/O ; Weak Pull Up and Bus Hold should not be used at the same time.                     ; Critical ; No Enable Bus-Hold Circuitry or Weak Pull-Up Resistor assignments found. ; I/O                 ;                   ;
; Inapplicable ; IO_000045 ; I/O Properties Checks for One I/O ; The I/O standard should support the requested Slew Rate value.                     ; Critical ; No Slew Rate assignments found.                                          ; I/O                 ;                   ;
; Inapplicable ; IO_000046 ; I/O Properties Checks for One I/O ; The location should support the requested Slew Rate value.                         ; Critical ; No Slew Rate assignments found.                                          ; I/O                 ;                   ;
; Inapplicable ; IO_000047 ; I/O Properties Checks for One I/O ; On Chip Termination and Slew Rate should not be used at the same time.             ; Critical ; No Slew Rate assignments found.                                          ; I/O                 ;                   ;
; Inapplicable ; IO_000034 ; SI Related Distance Checks        ; Single-ended outputs should be 1 LAB row(s) away from a differential I/O.          ; High     ; No Differential I/O Standard assignments found.                          ; I/O                 ;                   ;
; ----         ; ----      ; Disclaimer                        ; OCT rules are checked but not reported.                                            ; None     ; ----                                                                     ; On Chip Termination ;                   ;
+--------------+-----------+-----------------------------------+------------------------------------------------------------------------------------+----------+--------------------------------------------------------------------------+---------------------+-------------------+


+-----------------------------------------------------------------------------------------------------------------------------------------------------------------------------------------------------------------------------------------------------------------------------------------------------------------------------------------------------------------------------------------------------------------------------------------------+
; I/O Rules Matrix                                                                                                                                                                                                                                                                                                                                                                                                                              ;
+--------------------+--------------+--------------+--------------+--------------+--------------+-----------+--------------+--------------+-----------+-----------+--------------+--------------+--------------+--------------+--------------+--------------+--------------+--------------+--------------+--------------+--------------+--------------+--------------+--------------+--------------+--------------+--------------+--------------+
; Pin/Rules          ; IO_000001    ; IO_000002    ; IO_000003    ; IO_000004    ; IO_000005    ; IO_000006 ; IO_000007    ; IO_000008    ; IO_000009 ; IO_000010 ; IO_000011    ; IO_000012    ; IO_000013    ; IO_000014    ; IO_000015    ; IO_000018    ; IO_000019    ; IO_000020    ; IO_000021    ; IO_000022    ; IO_000023    ; IO_000024    ; IO_000026    ; IO_000027    ; IO_000045    ; IO_000046    ; IO_000047    ; IO_000034    ;
+--------------------+--------------+--------------+--------------+--------------+--------------+-----------+--------------+--------------+-----------+-----------+--------------+--------------+--------------+--------------+--------------+--------------+--------------+--------------+--------------+--------------+--------------+--------------+--------------+--------------+--------------+--------------+--------------+--------------+
; Total Pass         ; 0            ; 0            ; 0            ; 0            ; 0            ; 6         ; 0            ; 0            ; 6         ; 6         ; 0            ; 1            ; 0            ; 0            ; 0            ; 0            ; 1            ; 0            ; 0            ; 0            ; 0            ; 1            ; 0            ; 0            ; 0            ; 0            ; 0            ; 0            ;
; Total Unchecked    ; 0            ; 0            ; 0            ; 0            ; 0            ; 0         ; 0            ; 0            ; 0         ; 0         ; 0            ; 0            ; 0            ; 0            ; 0            ; 0            ; 0            ; 0            ; 0            ; 0            ; 0            ; 0            ; 0            ; 0            ; 0            ; 0            ; 0            ; 0            ;
; Total Inapplicable ; 6            ; 6            ; 6            ; 6            ; 6            ; 0         ; 6            ; 6            ; 0         ; 0         ; 6            ; 5            ; 6            ; 6            ; 6            ; 6            ; 5            ; 6            ; 6            ; 6            ; 6            ; 5            ; 6            ; 6            ; 6            ; 6            ; 6            ; 6            ;
; Total Fail         ; 0            ; 0            ; 0            ; 0            ; 0            ; 0         ; 0            ; 0            ; 0         ; 0         ; 0            ; 0            ; 0            ; 0            ; 0            ; 0            ; 0            ; 0            ; 0            ; 0            ; 0            ; 0            ; 0            ; 0            ; 0            ; 0            ; 0            ; 0            ;
; d_out              ; Inapplicable ; Inapplicable ; Inapplicable ; Inapplicable ; Inapplicable ; Pass      ; Inapplicable ; Inapplicable ; Pass      ; Pass      ; Inapplicable ; Pass         ; Inapplicable ; Inapplicable ; Inapplicable ; Inapplicable ; Pass         ; Inapplicable ; Inapplicable ; Inapplicable ; Inapplicable ; Pass         ; Inapplicable ; Inapplicable ; Inapplicable ; Inapplicable ; Inapplicable ; Inapplicable ;
; clk                ; Inapplicable ; Inapplicable ; Inapplicable ; Inapplicable ; Inapplicable ; Pass      ; Inapplicable ; Inapplicable ; Pass      ; Pass      ; Inapplicable ; Inapplicable ; Inapplicable ; Inapplicable ; Inapplicable ; Inapplicable ; Inapplicable ; Inapplicable ; Inapplicable ; Inapplicable ; Inapplicable ; Inapplicable ; Inapplicable ; Inapplicable ; Inapplicable ; Inapplicable ; Inapplicable ; Inapplicable ;
; rst                ; Inapplicable ; Inapplicable ; Inapplicable ; Inapplicable ; Inapplicable ; Pass      ; Inapplicable ; Inapplicable ; Pass      ; Pass      ; Inapplicable ; Inapplicable ; Inapplicable ; Inapplicable ; Inapplicable ; Inapplicable ; Inapplicable ; Inapplicable ; Inapplicable ; Inapplicable ; Inapplicable ; Inapplicable ; Inapplicable ; Inapplicable ; Inapplicable ; Inapplicable ; Inapplicable ; Inapplicable ;
; enable             ; Inapplicable ; Inapplicable ; Inapplicable ; Inapplicable ; Inapplicable ; Pass      ; Inapplicable ; Inapplicable ; Pass      ; Pass      ; Inapplicable ; Inapplicable ; Inapplicable ; Inapplicable ; Inapplicable ; Inapplicable ; Inapplicable ; Inapplicable ; Inapplicable ; Inapplicable ; Inapplicable ; Inapplicable ; Inapplicable ; Inapplicable ; Inapplicable ; Inapplicable ; Inapplicable ; Inapplicable ;
; d_in[1]            ; Inapplicable ; Inapplicable ; Inapplicable ; Inapplicable ; Inapplicable ; Pass      ; Inapplicable ; Inapplicable ; Pass      ; Pass      ; Inapplicable ; Inapplicable ; Inapplicable ; Inapplicable ; Inapplicable ; Inapplicable ; Inapplicable ; Inapplicable ; Inapplicable ; Inapplicable ; Inapplicable ; Inapplicable ; Inapplicable ; Inapplicable ; Inapplicable ; Inapplicable ; Inapplicable ; Inapplicable ;
; d_in[0]            ; Inapplicable ; Inapplicable ; Inapplicable ; Inapplicable ; Inapplicable ; Pass      ; Inapplicable ; Inapplicable ; Pass      ; Pass      ; Inapplicable ; Inapplicable ; Inapplicable ; Inapplicable ; Inapplicable ; Inapplicable ; Inapplicable ; Inapplicable ; Inapplicable ; Inapplicable ; Inapplicable ; Inapplicable ; Inapplicable ; Inapplicable ; Inapplicable ; Inapplicable ; Inapplicable ; Inapplicable ;
+--------------------+--------------+--------------+--------------+--------------+--------------+-----------+--------------+--------------+-----------+-----------+--------------+--------------+--------------+--------------+--------------+--------------+--------------+--------------+--------------+--------------+--------------+--------------+--------------+--------------+--------------+--------------+--------------+--------------+


+-----------------------------------------------------------------------------------------------+
; Fitter Device Options                                                                         ;
+------------------------------------------------------------------+----------------------------+
; Option                                                           ; Setting                    ;
+------------------------------------------------------------------+----------------------------+
; Enable user-supplied start-up clock (CLKUSR)                     ; Off                        ;
; Enable device-wide reset (DEV_CLRn)                              ; Off                        ;
; Enable device-wide output enable (DEV_OE)                        ; Off                        ;
; Enable INIT_DONE output                                          ; Off                        ;
; Configuration scheme                                             ; Passive Serial             ;
; Error detection CRC                                              ; Off                        ;
; Enable input tri-state on active configuration pins in user mode ; Off                        ;
; Active Serial clock source                                       ; 40 MHz Internal Oscillator ;
; Configuration Voltage Level                                      ; Auto                       ;
; Force Configuration Voltage Level                                ; Off                        ;
; nCEO                                                             ; As output driving ground   ;
; Data[7..1]                                                       ; Unreserved                 ;
; Base pin-out file on sameframe device                            ; Off                        ;
+------------------------------------------------------------------+----------------------------+


+------------------------------------+
; Operating Settings and Conditions  ;
+---------------------------+--------+
; Setting                   ; Value  ;
+---------------------------+--------+
; Nominal Core Voltage      ; 0.90 V ;
; Low Junction Temperature  ; -40 °C ;
; High Junction Temperature ; 100 °C ;
+---------------------------+--------+


+------------------------------------------------------------+
; Estimated Delay Added for Hold Timing Summary              ;
+-----------------+----------------------+-------------------+
; Source Clock(s) ; Destination Clock(s) ; Delay Added in ns ;
+-----------------+----------------------+-------------------+
Note: For more information on problematic transfers, consider running the Fitter again with the Optimize hold timing option (Settings Menu) turned off.
This will disable optimization of problematic paths and expose them for further analysis using the Timing Analyzer.


+-------------------------------------------------------------------------------------------------------------------------------------------+
; Estimated Delay Added for Hold Timing Details                                                                                             ;
+-----------------+-----------------------------------------------------------------------------------------------------+-------------------+
; Source Register ; Destination Register                                                                                ; Delay Added in ns ;
+-----------------+-----------------------------------------------------------------------------------------------------+-------------------+
; d_in_mem_A[0]   ; mem:trelis_mem_D|altsyncram:mem_rtl_0|altsyncram_epe1:auto_generated|ram_block1a0~porta_datain_reg0 ; 0.016             ;
+-----------------+-----------------------------------------------------------------------------------------------------+-------------------+
Note: This table only shows the top 1 path(s) that have the largest delay added for hold.


+-----------------+
; Fitter Messages ;
+-----------------+
Warning (18236): Number of processors has not been specified which may cause overloading on shared machines.  Set the global assignment NUM_PARALLEL_PROCESSORS in your QSF to an appropriate value for best performance.
Info (20030): Parallel compilation is enabled and will use 16 of the 16 processors detected
Info (119004): Automatically selected device EP2AGX45CU17I3 for design decoder
Info (21076): High junction temperature operating condition is not set. Assuming a default value of '100'.
Info (21076): Low junction temperature operating condition is not set. Assuming a default value of '-40'.
Info (171003): Fitter is performing an Auto Fit compilation, which may decrease Fitter effort to reduce compilation time
Warning (292013): Feature LogicLock is only available with a valid subscription license. You can purchase a software subscription to gain full access to this feature.
Info (176444): Device migration not selected. If you intend to use device migration later, you may need to change the pin assignments as they may be incompatible with other devices
    Info (176445): Device EP2AGX65CU17I3 is compatible
Info (169124): Fitter converted 1 user pins into dedicated programming pins
    Info (169125): Pin ~ALTERA_nCEO~ is reserved at location W12
Warning (15714): Some pins have incomplete I/O assignments. Refer to the I/O Assignment Warnings report for details
Info (176045): Design uses memory blocks. Violating setup or hold times of memory block address registers for either read or write operations could cause memory contents to be corrupted. Make sure that all memory block address registers meet the setup and hold time requirements.
Critical Warning (169085): No exact pin location assignment(s) for 6 pins of 6 total pins. For the list of pins please refer to the I/O Assignment Warnings table in the fitter report.
Critical Warning (332012): Synopsys Design Constraints File file not found: 'decoder.sdc'. A Synopsys Design Constraints File is required by the Timing Analyzer to get proper timing constraints. Without it, the Compiler will not properly optimize the design.
Info (332144): No user constrained base clocks found in the design
Info (332143): No user constrained clock uncertainty found in the design. Calling "derive_clock_uncertainty"
Info (332154): The derive_clock_uncertainty command did not apply clock uncertainty to any clock-to-clock transfers.
Info (332130): Timing requirements not specified -- quality metrics such as performance may be sacrificed to reduce compilation time.
Info (176353): Automatically promoted node clk~input (placed in PIN T10 (CLK6, DIFFCLK_0p)) File: C:/Users/Jaden/Documents/ECE 111/Final Project/assignment itself/starter code/decoder.sv Line: 3
    Info (176355): Automatically promoted destinations to use location or clock signal Global Clock CLKCTRL_G7
Info (176353): Automatically promoted node rst~input (placed in PIN U10 (CLK4, DIFFCLK_0n)) File: C:/Users/Jaden/Documents/ECE 111/Final Project/assignment itself/starter code/decoder.sv Line: 4
    Info (176355): Automatically promoted destinations to use location or clock signal Global Clock CLKCTRL_G6
    Info (176356): Following destination nodes may be non-global or may not use global or regional clocks
        Info (176357): Destination node rd_mem_counter_disp[0]~0 File: C:/Users/Jaden/Documents/ECE 111/Final Project/assignment itself/starter code/decoder.sv Line: 455
        Info (176357): Destination node rd_mem_counter_disp~6 File: C:/Users/Jaden/Documents/ECE 111/Final Project/assignment itself/starter code/decoder.sv Line: 116
        Info (176357): Destination node rd_mem_counter_disp~7 File: C:/Users/Jaden/Documents/ECE 111/Final Project/assignment itself/starter code/decoder.sv Line: 116
        Info (176357): Destination node rd_mem_counter_disp~8 File: C:/Users/Jaden/Documents/ECE 111/Final Project/assignment itself/starter code/decoder.sv Line: 116
        Info (176357): Destination node rd_mem_counter_disp~9 File: C:/Users/Jaden/Documents/ECE 111/Final Project/assignment itself/starter code/decoder.sv Line: 116
Info (176233): Starting register packing
Info (176235): Finished register packing
    Extra Info (176219): No registers were packed into other blocks
Info (176214): Statistics of I/O pins that need to be placed that use the same VCCIO and VREF, before I/O pin placement
    Info (176211): Number of I/O pins in group: 4 (unused VREF, 2.5V VCCIO, 3 input, 1 output, 0 bidirectional)
        Info (176212): I/O standards used: 2.5 V.
Info (176215): I/O bank details before I/O pin placement
    Info (176214): Statistics of I/O banks
        Info (176213): I/O bank number QL1 does not use VREF pins and has undetermined VCCIO pins. 0 total pin(s) used --  0 pins available
        Info (176213): I/O bank number QL0 does not use VREF pins and has undetermined VCCIO pins. 0 total pin(s) used --  0 pins available
        Info (176213): I/O bank number 3C does not use VREF pins and has undetermined VCCIO pins. 0 total pin(s) used --  0 pins available
        Info (176213): I/O bank number 3A does not use VREF pins and has undetermined VCCIO pins. 3 total pin(s) used --  19 pins available
        Info (176213): I/O bank number 4A does not use VREF pins and has undetermined VCCIO pins. 0 total pin(s) used --  36 pins available
        Info (176213): I/O bank number 5A does not use VREF pins and has undetermined VCCIO pins. 0 total pin(s) used --  16 pins available
        Info (176213): I/O bank number 6A does not use VREF pins and has undetermined VCCIO pins. 0 total pin(s) used --  16 pins available
        Info (176213): I/O bank number 7A does not use VREF pins and has undetermined VCCIO pins. 0 total pin(s) used --  36 pins available
        Info (176213): I/O bank number 8A does not use VREF pins and has undetermined VCCIO pins. 0 total pin(s) used --  20 pins available
        Info (176213): I/O bank number 8C does not use VREF pins and has undetermined VCCIO pins. 0 total pin(s) used --  0 pins available
Info (171121): Fitter preparation operations ending: elapsed time is 00:00:02
Info (14896): Fitter has disabled Advanced Physical Optimization because it is not supported for the current family.
Info (170189): Fitter placement preparation operations beginning
Info (170190): Fitter placement preparation operations ending: elapsed time is 00:00:00
Info (170191): Fitter placement operations beginning
Info (170137): Fitter placement was successful
Info (170192): Fitter placement operations ending: elapsed time is 00:00:02
Info (170193): Fitter routing operations beginning
Info (170195): Router estimated average interconnect usage is 0% of the available device resources
    Info (170196): Router estimated peak interconnect usage is 2% of the available device resources in the region that extends from location X12_Y34 to location X23_Y44
Info (170199): The Fitter performed an Auto Fit compilation.  Optimizations were skipped to reduce compilation time.
    Info (170201): Optimizations that may affect the design's routability were skipped
Info (170194): Fitter routing operations ending: elapsed time is 00:00:01
Info (11888): Total time spent on timing analysis during the Fitter is 0.40 seconds.
Info (334003): Started post-fitting delay annotation
Info (334004): Delay annotation completed successfully
Info (334003): Started post-fitting delay annotation
Info (334004): Delay annotation completed successfully
Info (11218): Fitter post-fit operations ending: elapsed time is 00:00:01
Critical Warning (185021): Detected external clock signal directly connected to the RAM "mem_disp:disp_mem_1|altsyncram:mem_rtl_0|altsyncram_7pe1:auto_generated|ram_block1a0" CLK0 port. This connection may cause unexpected memory behavior if your external clock signal violates the minimum pulse width specifications (clock high time and clock low time). File: C:/Users/Jaden/Documents/ECE 111/Final Project/db/altsyncram_7pe1.tdf Line: 37
Critical Warning (185021): Detected external clock signal directly connected to the RAM "mem_disp:disp_mem_0|altsyncram:mem_rtl_0|altsyncram_7pe1:auto_generated|ram_block1a0" CLK0 port. This connection may cause unexpected memory behavior if your external clock signal violates the minimum pulse width specifications (clock high time and clock low time). File: C:/Users/Jaden/Documents/ECE 111/Final Project/db/altsyncram_7pe1.tdf Line: 37
Critical Warning (185021): Detected external clock signal directly connected to the RAM "mem:trelis_mem_B|altsyncram:mem_rtl_0|altsyncram_epe1:auto_generated|ram_block1a0" CLK0 port. This connection may cause unexpected memory behavior if your external clock signal violates the minimum pulse width specifications (clock high time and clock low time). File: C:/Users/Jaden/Documents/ECE 111/Final Project/db/altsyncram_epe1.tdf Line: 37
Critical Warning (185021): Detected external clock signal directly connected to the RAM "mem:trelis_mem_D|altsyncram:mem_rtl_0|altsyncram_epe1:auto_generated|ram_block1a0" CLK0 port. This connection may cause unexpected memory behavior if your external clock signal violates the minimum pulse width specifications (clock high time and clock low time). File: C:/Users/Jaden/Documents/ECE 111/Final Project/db/altsyncram_epe1.tdf Line: 37
Critical Warning (185021): Detected external clock signal directly connected to the RAM "mem:trelis_mem_A|altsyncram:mem_rtl_0|altsyncram_epe1:auto_generated|ram_block1a0" CLK0 port. This connection may cause unexpected memory behavior if your external clock signal violates the minimum pulse width specifications (clock high time and clock low time). File: C:/Users/Jaden/Documents/ECE 111/Final Project/db/altsyncram_epe1.tdf Line: 37
Critical Warning (185021): Detected external clock signal directly connected to the RAM "mem:trelis_mem_C|altsyncram:mem_rtl_0|altsyncram_epe1:auto_generated|ram_block1a0" CLK0 port. This connection may cause unexpected memory behavior if your external clock signal violates the minimum pulse width specifications (clock high time and clock low time). File: C:/Users/Jaden/Documents/ECE 111/Final Project/db/altsyncram_epe1.tdf Line: 37
Info (144001): Generated suppressed messages file C:/Users/Jaden/Documents/ECE 111/Final Project/output_files/decoder.fit.smsg
Info: Quartus Prime Fitter was successful. 0 errors, 11 warnings
    Info: Peak virtual memory: 6847 megabytes
    Info: Processing ended: Thu Aug 27 15:33:39 2026
    Info: Elapsed time: 00:00:13
    Info: Total CPU time (on all processors): 00:00:16


+----------------------------+
; Fitter Suppressed Messages ;
+----------------------------+
The suppressed messages can be found in C:/Users/Jaden/Documents/ECE 111/Final Project/output_files/decoder.fit.smsg.


